Reg No,Candidate Name,Office,District,County,Party
CC11028,"Abbett, Richard",Hawaii Council,6,Hawaii,Non-Partisan
CC10496,"Abe, Michael ",House,19,,Democrat
CC10529,"Abercrombie, Neil",Governor,,,Democrat
CC10211,"Abinsay, Felipe (Jun)",House,29,,Democrat
CC10757,"Able, Johnathan ",House,5,,Non-Partisan
CC10499,"Agor, Ron ",Kauai Council,Kauai,Kauai,Non-Partisan
CC10314,"Agor, Ron ",Kauai Council,15,,Republican
CC11062,"Agustin, Jaci",House,34,,Republican
CC11035,"Ahu, Elwin",Lt. Governor,,,Republican
CC10864,"Ahu-Isa, Lei ",House,26,,Democrat
CC10432,"Ahu-Isa, Lei ",BOE                                               ,At-Large,,Non-Partisan
CC10967,"Ahuna, Daniel",OHA                                               ,Kauai,,Non-Partisan
CC10215,"Aila, William",Governor,,,Democrat
CC10434,"Aiona, Darrow ",BOE                                               ,Oahu,,Non-Partisan
CC10162,"Aiona, James (Duke)",Governor,,,Republican
CC10763,"Aiona, Joseph",House,49,,Republican
CC10133,"Aiona, Sam",Honolulu Council,6,Honolulu,Non-Partisan
CC10343,"Aipoalani, Hanalei ",House,44,,Democrat
CC10902,"Aipoalani, Hanalei",House,43,,Democrat
CC10966,"Akaka, Kaleihikina",House,6,,Democrat
CC10218,"Akana, Rowena",OHA                                               ,At-Large,,Non-Partisan
CC10531,"Akau, Paul ",Honolulu Council,3,Honolulu,Non-Partisan
CC10748,"Aki, Charles ",Senate,22,,Republican
CC10950,"Aki, Charles ",Senate,22,,Republican
CC10945,"Akina, William",OHA                                               ,At-Large,,Non-Partisan
CC10457,"Akuna, Janis ",BOE                                               ,3,,Non-Partisan
CC10756,"Akuna, Meiling ",House,13,,Republican
CC10972,"Alalem, Allen-Dean",OHA                                               ,Kauai,,Democrat
CC10228,"Alameida, Jeffrey ",House,46,,Republican
CC10929,"Albao, Liberta",OHA                                               ,Kauai,,Non-Partisan
CC10322,"Allen, Julia",House,20,,Republican
CC11005,"Amato, Terez",Senate,6,,Democrat
CC10630,"Amorin, Johanna ",House,11,,Democrat
CC10975,"Amorin, Johanna",OHA                                               ,Maui,,Independent
CC10991,"Amsterdam, C. Kaui Jochanan ",Honolulu Council,6,Honolulu,Republican
CC10472,"Anderson, J. Ikaika",Honolulu Council,3,Honolulu,Non-Partisan
CC10318,"Anderson, Michelle ",Maui Council,South Maui,Maui,Non-Partisan
CC10693,"Andres-Nance, Noela ",BOE                                               ,At-Large,,Non-Partisan
CC10416,"Antonio, Steven ",House,35,,Republican
CC11044,"Apana, James",House,9,,Democrat
CC10266,"Apana, James (Kimo) ",Mayor,,Maui,Democrat
CC10362,"Apana, Melvin ",House,38,,Republican
CC10947,"Apana, Melvin ",House,36,,Republican
CC10679,"Apana, Melvin ",House,38,,Republican
CC10737,"Apo, Peter",OHA                                               ,34,,Democrat
CC10134,"Apo, Todd",Honolulu Council,1,Honolulu,Non-Partisan
CC10822,"Apoliona, Suzanne Haunani ",OHA                                               ,At-Large,,Non-Partisan
CC10422,"Apoliona, Suzanne Haunani ",OHA                                               ,At-Large,,Non-Partisan
CC10375,"Aquino, Henry",House,38,,Democrat
CC11026,"Arakaki, Tracy",House,33,,Democrat
CC10283,"Arakawa, Alan",Mayor,,Maui,Non-Partisan
CC10878,"Araujo, Steven",Hawaii Council,5,Hawaii,Non-Partisan
CC11023,"Arianoff, Gregory ",Senate,1,,Libertarian
CC10790,"Arola, James ",BOE                                               ,5th Dept. (Leeward),,Non-Partisan
CC10812,"Ashida, Lincoln",Prosecuting Attorney,,Hawaii,Non-Partisan
CC10308,"Asing, William ",Kauai Council,At-Large,Kauai,Democrat
CC10893,"Au, Tiffany",House,26,,Republican
CC11000,"Awana, Karen",House,43,,Democrat
CC10346,"Awana, Karen",House,43,,Democrat
CC10356,"Baclig, Andy ",Hawaii Council,4,Hawaii,Non-Partisan
CC10776,"Bailey, Melanie ",BOE                                               ,At-Large,,Non-Partisan
CC10508,"Bainum, Duke ",Honolulu Council,5,Honolulu,Non-Partisan
CC10341,"Bainum, Duke ",Mayor,,Honolulu,Non-Partisan
CC10330,"Baisa, Gladys",Maui Council,Upcountry,Maui,Non-Partisan
CC10591,"Baker, Loren ",Hawaii Council,5,Hawaii,Non-Partisan
CC10135,"Baker, Rosalyn",Senate,6,,Democrat
CC10316,"Balcher, Charles ",House,21,,Republican
CC11037,"Banda, Raymond",Senate,18,,Libertarian
CC10301,"Baptiste, Bryan ",Mayor,,Kauai,Non-Partisan
CC11060,"Barca, Dustin",Mayor,,,
CC10608,"Baron, Christopher",House,18,,Republican
CC10515,"Barrozo, Joseph ",Mayor,,Hawaii,Non-Partisan
CC10460,"Bartolo, Robert ",Kauai Council,14,Kauai,Non-Partisan
CC10692,"Bashkingy, Raymond ",House,12,,Republican
CC10447,"Basques, Winifred ",Maui Council,Lanai,Maui,Non-Partisan
CC10910,"Bateman, David",House,5,,Republican
CC10557,"Bean, Tracy ",Senate,24,,Republican
CC10534,"Bean, Tracy ",Honolulu Council,3,Honolulu,Non-Partisan
CC10933,"Beirne, D. Ululani ",House,47,,Democrat
CC10269,"Belatti, Della Au",House,24,,Democrat
CC10332,"Belford, Richard",House,43,,Democrat
CC10166,"Berg, Lyla ",Lt. Governor,,,Democrat
CC10470,"Berg, Tom",Honolulu Council,1,Honolulu,Non-Partisan
CC10779,"Berinobis, Shari Floyd",Honolulu Council,4,Honolulu,Republican
CC10435,"Bertram, Joe ",House,11,,Democrat
CC10876,"Bertram, Joe ",House,11,,Democrat
CC10754,"Bieber, Rolf ",Kauai Council,Kauai,Kauai,Non-Partisan
CC10501,"Bieber, Rolf II ",Mayor,,Kauai,Non-Partisan
CC10360,"Bimbo, Genaro ",House,42,,Non-Partisan
CC10806,"Blackburn, Joseph",Maui Council,Wailuku,Maui,Non-Partisan
CC10363,"Blas, Fred ",Hawaii Council,4,Hawaii,Non-Partisan
CC10520,"Blumer-Buell, John ",Senate,6,,Independent
CC10678,"Bonar, Aaron ",Senate,19,,Republican
CC10930,"Bonk, Keiko",House,20,,Green
CC10554,"Bornhorst, Heidi ",Honolulu Council,5,Honolulu,Democrat
CC10946,"Bossley, Deborah ",Honolulu Council,3,Honolulu,Independent
CC10816,"Bradshaw, Jacob",House,45,,Democrat
CC10595,"Bradshaw, Jason",House,43,,Democrat
CC10856,"Breslin, John ""Mike"" ",House,6,,Republican
CC10980,"Brewer, James ",Honolulu Council,6,Honolulu,Non-Partisan
CC10409,"Brewer, James ",Mayor,,Honolulu,Non-Partisan
CC10483,"Brookman, Thomas ",Hawaii Council,1,Hawaii,Democrat
CC10290,"Brower, Tom",House,22,,Democrat
CC11032,"Brun, Arthur",Kauai Council,At-Large,Kauai,Non-Partisan
CC10446,"Bryant, Paul ",BOE                                               ,1st Dept. (Hawaii),,Non-Partisan
CC10777,"Bryant-Hunter, Kathy ",BOE                                               ,At-Large,,Non-Partisan
CC11019,"Buenconsejo, Butch Kaala",Maui Council,West Maui,Maui,Democrat
CC11020,"Bukoski, Keith ",House,48,,Democrat
CC10156,"Bukoski, Kika ",House,12,,Non-Partisan
CC10136,"Bunda, Robert",Lt. Governor,,,Democrat
CC10750,"Burke, Jackie ",OHA                                               ,Kauai,,Democrat
CC10684,"Burns, Marie ",Hawaii Council,6,Hawaii,Non-Partisan
CC10913,"Butler, Glenn",House,43,,Republican
CC10303,"Bynum, Tim",Kauai Council,Kauai,Kauai,Democrat
CC10296,"Cabanilla, Rida",House,41,,Democrat
CC10222,"Cachola, Earl ",House,29,,Democrat
CC10137,"Cachola, Romy",House,30,,Democrat
CC10543,"Cain, S. Michael ",Honolulu Council,5,Honolulu,Independent
CC10224,"Caldwell, Kirk",Mayor,,Honolulu,Non-Partisan
CC10942,"Capelouto, Dean",Senate,20,,Republican
CC10629,"Capelouto, Marissa",House,42,,Republican
CC10374,"Cariffe, Bob ",Kauai Council,At-Large,Kauai,Non-Partisan
CC10138,"Carlisle, Peter ",Mayor,,Honolulu,Non-Partisan
CC10538,"Carroll, John ",Governor,,,Republican
CC10273,"Carroll, Mele",House,13,,Democrat
CC10589,"Carroll, Robert",Maui Council,East Maui,Maui,Non-Partisan
CC10429,"Carvalho, Bernard",Mayor,,Kauai,Non-Partisan
CC10345,"Case, Edward ",Governor,,,Democrat
CC10674,"Case, Kimberly",House,24,,Democrat
CC10392,"Cataluna, Donald",OHA                                               ,Kauai,,Non-Partisan
CC10828,"Cayetano, Benjamin",Mayor,,Honolulu,Non-Partisan
CC10874,"Ceredon, Liscencio",Hawaii Council,5,Hawaii,Non-Partisan
CC10782,"Cerizo, Thomas ",House,8,,Democrat
CC10897,"Cermelj, Hope ",House,4,,Non-Partisan
CC10562,"Chang, David ",House,28,,Republican
CC10469,"Chang, Dickie",Kauai Council,Kauai,Kauai,Democrat
CC10168,"Chang, Jerry ",House,2,,Democrat
CC10525,"Chang, Stanley",Honolulu Council,4,Honolulu,Non-Partisan
CC10863,"Cheape, Lauren",House,45,,Republican
CC10696,"Chinen, Jon",House,49,,Democrat
CC10242,"Ching, Corinne",House,27,,Republican
CC10593,"Ching, Darwin ",Prosecuting Attorney,,Honolulu,Non-Partisan
CC10542,"Ching, Wendell ",Honolulu Council,5,Honolulu,Non-Partisan
CC10289,"Chong, Dwight",House,48,,Democrat
CC10742,"Chow Hammond, Sally ",Mayor,,Maui,Non-Partisan
CC10504,"Choy, Isaac",House,23,,Democrat
CC10772,"Christensen, Makani ",Honolulu Council,4,Honolulu,Non-Partisan
CC10513,"Christensen, Shawn ",House,51,,Democrat
CC10951,"Christie, Sherryanne ",Mayor,,Hawaii,Non-Partisan
CC10169,"Chun Oakland, Suzanne",Senate,13,,Democrat
CC10621,"Chun, Cory",House,41,,Democrat
CC10638,"Clapes, Anthony ",Governor,,,Non-Partisan
CC10715,"Clarke, Eileen ",BOE                                               ,4th Dept. (Central),,Democrat
CC10583,"Clute, Eve ",Maui Council,10,Maui,Non-Partisan
CC10540,"Cochran, Elle ",Maui Council,West Maui,Maui,Non-Partisan
CC10389,"Cochran, Mary ",Maui Council,Makawao,Maui,Non-Partisan
CC10359,"Coffman, George",House,5,,Democrat
CC10792,"Cordero, Angel ",House,41,,Republican
CC10672,"Corless, William ",House,45,,Republican
CC10723,"Cortez-Camero, Tania",House,3,,Republican
CC11002,"Costales, Luella",House,36,,Democrat
CC10368,"Couch, Don",Maui Council,South Maui,Maui,Non-Partisan
CC10397,"Cox, Margaret ",BOE                                               ,2,,Democrat
CC11027,"Creagan, Richard",House,5,,Democrat
CC10868,"Crivello, Stephanie Stacy Helm",Maui Council,Molokai,Maui,Non-Partisan
CC10609,"Cuadra, Gregory ",House,22,,Republican
CC10911,"Cullen, Sy",Honolulu Council,9,Honolulu,Non-Partisan
CC10466,"Cullen, Ty Diaz",House,39,,Democrat
CC10324,"Cummings, Mamo",House,14,,Republican
CC10635,"Cunningham, Daniel ",Governor,,,Independent
CC10962,"Cunningham, Daniel ",Mayor,,Hawaii,Non-Partisan
CC11053,"Cunningham, Daniel",Hawaii Council,5,Hawaii,Non-Partisan
CC10398,"Cunningham, Daniel ",Mayor,,Honolulu,Non-Partisan
CC10771,"Curtis, Samuel ",House,39,,Republican
CC10625,"Daligdig III, Theodore ",Kauai Council,15,Kauai,Non-Partisan
CC10944,"DAlmeida, Eric ",Hawaii Council,1,Hawaii,Non-Partisan
CC10728,"DAlmeida, Eric ",House,1,,Republican
CC11047,"Danner, Michael",Senate,24,,Republican
CC10170,"Danner, Robin ",OHA                                               ,At-Large,,Non-Partisan
CC10791,"Darling, Alfred ",Senate,7,,Non-Partisan
CC10413,"Datanagan, Cameron ",Mayor,,Honolulu,Non-Partisan
CC10752,"David, Maile",Hawaii Council,6,Hawaii,Non-Partisan
CC10735,"Davidson, Daniel ",Senate,9,,Democrat
CC11008,"Davis, Jeffrey",Governor,,,Libertarian
CC10167,"De Costa, Craig ",Prosecuting Attorney,,Kauai,Non-Partisan
CC10640,"De Giacomo, Frank ",Honolulu Council,4,Honolulu,Green
CC10329,"De Giacomo, Frank ",House,30,,Green
CC10505,"de Jetley, Alberta ",Maui Council,Lanai,Maui,Democrat
CC10576,"DeJean, Khistina ",Governor,,,Independent
CC10811,"DeJean, Khistina Caldwell",Governor,,,Independent
CC10171,"Dela Cruz, Donovan",Senate,22,,Democrat
CC10480,"Dela Cruz, Ronald ",House,7,,Republican
CC10833,"Delacruz, Efrain",Honolulu Council,1,Honolulu,Non-Partisan
CC10378,"Delo Santos, Catherine ",Hawaii Council,7,Hawaii,Non-Partisan
CC10302,"DeNaie, Lucienne",Maui Council,4,Maui,Democrat
CC11043,"DeSilva Carveiro, Debralynn",Mayor,,Kauai,Democrat
CC10683,"DeSilva Carveiro, Mizdebz ",Kauai Council,16,Kauai,Non-Partisan
CC11051,"DeSoto-McCollough, L. Lahilahi",OHA                                               ,At-Large,,Non-Partisan
CC10268,"Djou, Charles",Lt. Governor,,,Republican
CC10891,"Dolan, Paul ",Prosecuting Attorney,,Hawaii,Non-Partisan
CC10433,"Domingo, Constante ",House,35,,Democrat
CC10613,"Doyle, Michael ",House,40,,Democrat
CC10773,"Dudek, Peter ",Senate,14,,Republican
CC10319,"Dudley, Michael Kioni",Honolulu Council,1,Honolulu,Non-Partisan
CC10875,"Duey, Rose Marie ",OHA                                               ,Maui,,Non-Partisan
CC10139,"Duncan, Kaipo ",House,31,,Republican
CC10694,"Ebel, Lawrence ",House,45,,Republican
CC10927,"Ebert, Roy",House,6,,Republican
CC10996,"Elefante, Brandon",Honolulu Council,8,Honolulu,Non-Partisan
CC10999,"Eli, Stacelynn",House,43,,Democrat
CC10140,"English, Kalani",Senate,7,,Democrat
CC10722,"Enos, Virginia ",Senate,25,,Republican
CC10340,"Enriques, Guy ",Hawaii Council,6,Hawaii,Non-Partisan
CC10830,"Eoff, Karen",Hawaii Council,8,Hawaii,Non-Partisan
CC10648,"Escorzon, Tammy Ann ",House,46,,Democrat
CC10797,"Espero, Jason",Honolulu Council,1,Honolulu,Democrat
CC10229,"Espero, William",Senate,19,,Democrat
CC10236,"Evans, Cindy",House,7,,Democrat
CC10141,"Falconer, James ""Kimo"" ",Maui Council,West Maui,Maui,Non-Partisan
CC10394,"Fale, Richard",Senate,23,,Republican
CC10697,"Farias, Kaleo ",House,44,,Democrat
CC10528,"Felix, John ",Honolulu Council,3,Honolulu,Republican
CC10882,"Fenton, Larry ",Senate,11,,Republican
CC10661,"Fenton, Larry ",Honolulu Council,6,Honolulu,Democrat
CC10495,"Ferreira, Albert ",Hawaii Council,2,Hawaii,Democrat
CC10336,"Fevella, Kurt ",House,43,,Democrat
CC10919,"Fevella, Kurt",House,40,,Democrat
CC10468,"Fillhart, Lawrence ",BOE                                               ,7,,Non-Partisan
CC10667,"Fillhart, Lawrence",House,15,,Republican
CC10221,"Finnegan, Lynn",Lt. Governor,,,Republican
CC10274,"Fisher, Tony ",House,11,,Republican
CC10908,"Fogel, Frederick ",House,3,,Libertarian
CC10393,"Fogel, Frederick ",House,5,,Libertarian
CC11034,"Fonoimoana, Kent ",House,47,,Democrat
CC10415,"Fontaine, George",House,11,,Republican
CC10172,"Ford, Brenda",Hawaii Council,6,Hawaii,Democrat
CC10730,"Fowler, Dennis ",Kauai Council,Kauai,Kauai,Non-Partisan
CC11011,"Fowler, Max",House,27,,Republican
CC10642,"Franklin, Judy ",Senate,13,,Republican
CC10614,"Freire, Enock ",Hawaii Council,7,Hawaii,Non-Partisan
CC10687,"Freitas, Valzey ",BOE                                               ,6,,Non-Partisan
CC10479,"Fujiyama, Kenneth ",House,1,,Democrat
CC10645,"Fukumoto, Beth",House,36,,Republican
CC10284,"Fukunaga, Carol",Honolulu Council,6,Honolulu,Democrat
CC10492,"Fukuyama, Alan",Maui Council,Kahului,Maui,Non-Partisan
CC10994,"Fung, Lester",House,20,,Democrat
CC10297,"Furfaro, Jay",Kauai Council,At-Large,Kauai,Non-Partisan
CC10279,"Gabbard, Mike",Senate,20,,Democrat
CC10321,"Galuteria, Brickwood",Senate,12,,Democrat
CC10475,"Gannon, Joseph ",Maui Council,South Maui,Maui,Non-Partisan
CC10664,"Gapero, Elisabeth ",Maui Council,Wailuku,Maui,Independent
CC10390,"Gapol, Derek",House,45,,Republican
CC10142,"Garcia, Nestor",Senate,19,,Democrat
CC10744,"Garry, Timothy ",Honolulu Council,6,Honolulu,Non-Partisan
CC10775,"Georgi, JoAnne ",Senate,7,,Republican
CC10461,"Georgi, JoAnne ",Senate,7,,Republican
CC10928,"Georgi, William",Senate,8,,Republican
CC10845,"Gering, Larry ",Hawaii Council,1,Hawaii,Independent
CC10267,"Ghean, Kay",House,10,,Republican
CC10410,"Gingerich, Michael ",House,11,,Democrat
CC10846,"Giugni, Heather",House,33,,Democrat
CC10644,"Golojuch, Michael ",Senate,19,,Democrat
CC10977,"Gomes, Doreen ",OHA                                               ,Maui,,Non-Partisan
CC10843,"Goodenow, Kenneth ",Hawaii Council,2,Hawaii,Democrat
CC11015,"Grace, Janet ",House,22,,Republican
CC10690,"Grantham, Leatrice ",House,41,,Democrat
CC10829,"Greco, Michael ",Senate,16,,Republican
CC10174,"Green, Josh",Senate,3,,Democrat
CC10824,"Green, Robert ",Hawaii Council,9,Hawaii,Non-Partisan
CC11039,"Greene, Madeline",Hawaii Council,4,Hawaii,Non-Partisan
CC10780,"Greenwell, Robert ",Hawaii Council,8,Hawaii,Non-Partisan
CC10383,"Greenwell, Robert ",Hawaii Council,8,Hawaii,Non-Partisan
CC10921,"Greenwell, Robert ",Senate,4,,Green
CC10785,"Griffin, Calvin ",Mayor,,Honolulu,Non-Partisan
CC10960,"Guccione, Charles ",Hawaii Council,8,Hawaii,Non-Partisan
CC10440,"Gumapac, Kale ",Hawaii Council,5,Hawaii,Non-Partisan
CC10901,"Gutierrez, Lynne",House,31,,Democrat
CC10810,"Guzman, Don",Maui Council,Kahului,Maui,Non-Partisan
CC10755,"Hagino, Gerald ",Senate,22,,Democrat
CC10851,"Hairgrove, Todd ",House,22,,Republican
CC10577,"Hairgrove, Todd ",BOE                                               ,1,,Non-Partisan
CC10670,"Hale, Michael ",Senate,2,,Republican
CC10312,"Halford, Chris ",House,11,,Republican
CC10804,"Haliniak, Barbara",Senate,7,,Democrat
CC10367,"Halperin, Susan ""Netra""",House,11,,Democrat
CC10213,"Hamakawa, Eric ",House,3,,Democrat
CC10524,"Hamamoto, Shawn",Honolulu Council,6,Hawaii,Democrat
CC10592,"Hamman, David",Senate,7,,Republican
CC10807,"Han, Martin",Honolulu Council,7,Honolulu,Non-Partisan
CC10143,"Hanabusa, Colleen ",Senate,21,,Democrat
CC10827,"Hanlon, Colin ",House,11,,Democrat
CC10132,"Hannemann, Mufi",Governor,,,Independent
CC10293,"Hanohano, Faye",House,4,,Democrat
CC10675,"Hapai, Marlene",House,3,,Republican
CC10243,"Har, Sharon",House,42,,Democrat
CC10288,"Harding, Kenneth",House,29,,Republican
CC10449,"Harimoto, Breene ",BOE                                               ,5th Dept. (Leeward),,Non-Partisan
CC10700,"Harimoto, Breene",Honolulu Council,8,Honolulu,Non-Partisan
CC11050,"Harris, Robert",House,48,,Democrat
CC10569,"Hart, Christopher",Mayor,,Maui,Democrat
CC10602,"Hart, Ronald ",BOE                                               ,2,,Non-Partisan
CC10626,"Hashem, Mark",House,18,,Democrat
CC10544,"Hayes, Gladys ",Honolulu Council,5,Honolulu,Non-Partisan
CC10968,"Hayes, James",Honolulu Council,5,Honolulu,Non-Partisan
CC10915,"Heaukulani, Joseph",House,20,,Non-Partisan
CC10408,"Hecht, Debbie",Hawaii Council,8,Hawaii,Democrat
CC10144,"Hee, Clayton",Senate,23,,Democrat
CC10245,"Heen, Walter ",OHA                                               ,Oahu,,Non-Partisan
CC10892,"Helm, Kanohowailuku",Senate,7,,Non-Partisan
CC11025,"Helsham, Robert",House,33,,Republican
CC10866,"Hemmings, Fred ",Senate,25,,Republican
CC10163,"Hemmings, Fred ",Senate,25,,Republican
CC10622,"Henderson, Scott ",House,7,,Republican
CC10418,"Heng, Jet ",Hawaii Council,4,Hawaii,Non-Partisan
CC10175,"Henkin, David ",Lt. Governor,,,Democrat
CC10234,"Herkes, Robert",Senate,2,,Democrat
CC10931,"Herrera, Rojelio ",Senate,18,,Republican
CC10890,"Hester, Marcus",House,22,,Republican
CC10225,"Hew Len, Kehaulani ",OHA                                               ,Oahu,,Democrat
CC11009,"Higa, Anthony",House,19,,Libertarian
CC10879,"Higa, Creighton",House,44,,Republican
CC10260,"Higa, Stacy-Stan ",Mayor,,Hawaii,Democrat
CC10701,"Higashi, Carl ",Honolulu Council,4,Honolulu,Republican
CC11016,"Hikida, Wayne ",House,51,,Republican
CC10726,"Hirakami, Steven ",Lt. Governor,,,Democrat
CC10176,"Hiraki, Ken ",House,28,,Democrat
CC10453,"Ho, Wilson ",Honolulu Council,3,Honolulu,Non-Partisan
CC10530,"Ho, Wilson ",Honolulu Council,3,Honolulu,Non-Partisan
CC10657,"Hodges, Marc ",Mayor,,Maui,Non-Partisan
CC10523,"Hoeft, Henry ",BOE                                               ,41,,Non-Partisan
CC10426,"Hoff, John ",Kauai Council,At-Large,Kauai,Non-Partisan
CC10304,"Hoffmann, Peter",Hawaii Council,9,Hawaii,Non-Partisan
CC10145,"Hogue, Bob ",Senate,24,,Republican
CC10252,"Hokama, Riki",Maui Council,Lanai,Maui,Non-Partisan
CC10526,"Holmes, Stephen ",Honolulu Council,3,Honolulu,Non-Partisan
CC10853,"Holt, Daniel",House,29,,Democrat
CC10464,"Honda, Helene ",OHA                                               ,At-Large,,Democrat
CC10403,"Hong, Lillian ",Honolulu Council,7,Honolulu,Non-Partisan
CC10858,"Hong, Lillian ",Honolulu Council,7,Honolulu,Non-Partisan
CC10338,"Hong, Ted ",Senate,1,,Republican
CC11017,"Hood, Joan",House,50,,Republican
CC11061,"Hoomanawanui, Jonathan",House,,,
CC11054,"Hooser, Dylan",House,,,
CC10146,"Hooser, Gary",Kauai Council,Kauai,Kauai,Democrat
CC10617,"Hopkins, Jeremy ",OHA                                               ,At-Large,,Non-Partisan
CC11042,"Hopkins, Margarita",Hawaii Council,2,Hawaii,Non-Partisan
CC11040,"Horoshko, Ronald",Kauai Council,At-Large,Kauai,Non-Partisan
CC10859,"Housel, Fred ",House,6,,Democrat
CC10478,"Howden, Michael ",Maui Council,Upcountry,Maui,Non-Partisan
CC10623,"Hoylman, Jeffrey ",House,9,,Republican
CC10637,"Hughey, Justin",House,8,,Democrat
CC11041,"Hunt, Tiffany Edwards",Hawaii Council,5,Hawaii,Non-Partisan
CC11063,"Hunter, Michael",Hawaii Council,8,Hawaii,Non-Partisan
CC10561,"Ichiyama, Linda",House,32,,Democrat
CC10147,"Ige, David",Governor,,,Democrat
CC10514,"Ige, Marshall ",Senate,24,,Democrat
CC10178,"Ihara, Les Jr.",Senate,10,,Democrat
CC10873,"Ikeda, Donald",Senate,1,,Democrat
CC10179,"Ikeda, Donald ",Hawaii Council,2,Hawaii,Democrat
CC10323,"Ikeda, Donna",BOE                                               ,At-Large,,Non-Partisan
CC10819,"Ilagan, Greggor",Hawaii Council,4,Hawaii,Non-Partisan
CC10809,"Ing, Mark",House,11,,Democrat
CC10148,"Inouye, Lorraine",Senate,4,,Democrat
CC10439,"Isbell, Evelyn ",Senate,3,,Democrat
CC10270,"Iseri-Carvalho, Shaylene",Prosecuting Attorney,,Kauai,Democrat
CC10180,"Ito, Ken",House,49,,Democrat
CC10712,"Iwamoto, Kim Coco ",BOE                                               ,Oahu,,Non-Partisan
CC10998,"Iwasa, Natalie",Honolulu Council,4,Honolulu,Independent
CC10275,"Iwase, Randall ",Governor,,,Democrat
CC10181,"Jacobson, Robert ",Hawaii Council,6,Hawaii,Non-Partisan
CC10695,"Jamila, Andrew ",Senate,25,,Democrat
CC10497,"Jeffryes, Jerilyn ",House,24,,Republican
CC10612,"Johanson, Aaron",House,31,,Republican
CC10182,"Johnson, JoAnne ",Maui Council,10,Maui,Non-Partisan
CC10436,"Johnson, Richard ",Senate,21,,Republican
CC10900,"Johnson, Richard ",Senate,21,,Republican
CC11048,"Jordan, Brian",House,4,,Democrat
CC10803,"Jordan, Georgette ""Jo""",House,44,,Democrat
CC10372,"Joseph, Wayne ",Hawaii Council,5,Hawaii,Non-Partisan
CC10636,"Justus, Edgar ",Kauai Council,Kauai,Kauai,Democrat
CC11059,"Kaahui, Bronson",Senate,6,,Libertarian
CC10918,"Kaahui, Edward ",House,10,,Democrat
CC10656,"Kaapu, Carole",House,28,,Republican
CC10889,"Kaehuaea, Wendell ",Senate,2,,Democrat
CC10459,"Kaehuaea, Wendell ",Hawaii Council,4,Hawaii,Non-Partisan
CC10907,"Kagawa Fu, Kanani",OHA                                               ,Kauai,,Democrat
CC10237,"Kagawa, Fran ",Senate,8,,Democrat
CC10935,"Kagawa, Ross",Kauai Council,At-Large,Kauai,Democrat
CC10801,"Kahele, Gilbert",Senate,1,,Democrat
CC10793,"Kahele, Melvin",Honolulu Council,1,Honolulu,Non-Partisan
CC10253,"Kahoohalahala, Sol ",Mayor,,Maui,Democrat
CC10474,"Kahula, Henry Jr. ",House,9,,Republican
CC10486,"Kailimai, Billy Jo ",House,7,,Republican
CC10964,"Kalama, Ekolu ",House,12,,Republican
CC10533,"Kalima, Leona ",Honolulu Council,3,Honolulu,Democrat
CC10711,"Kalima, Leona ",OHA                                               ,At-Large,,Non-Partisan
CC11030,"Kalima, Leona",OHA                                               ,At-Large,,Democrat
CC10183,"Kalua, Bernard ",OHA                                               ,At-Large,,Non-Partisan
CC10598,"Kalua, Ezekiela ",Maui Council,1,Maui,Non-Partisan
CC10347,"Kam, Thomas",BOE                                               ,No Dept.,,Non-Partisan
CC10650,"Kama, Leonard ",Lt. Governor,,,Non-Partisan
CC10350,"Kama, Natalie ",House,8,,Democrat
CC10607,"Kama, Natalie ",House,8,,Democrat
CC11021,"Kamaka, Joseph",Senate,,,
CC10355,"Kambel, Donavon ",Mayor,,Honolulu,Democrat
CC10976,"Kane, Dain",OHA                                               ,Maui,,Non-Partisan
CC10326,"Kane, Dain ",Mayor,,Maui,Democrat
CC10506,"Kaneakua, Harry ",Kauai Council,At-Large,Kauai,Democrat
CC11052,"Kanekoa, Ernest",Kauai Council,At-Large,Kauai,Democrat
CC10488,"Kaneshiro, Daryl",Kauai Council,1,Kauai,Democrat
CC10271,"Kaneshiro, Daryl ",Kauai Council,At-Large,Kauai,Non-Partisan
CC10746,"Kaneshiro, Keith",Prosecuting Attorney,,Honolulu,Non-Partisan
CC10149,"Kanno, Brian  ",BOE                                               ,At-Large,,Non-Partisan
CC10842,"Kanuha, Dru",Hawaii Council,7,Hawaii,Non-Partisan
CC10732,"Kaopua, John ",House,44,,Democrat
CC11058,"Kapoi, Cranston",House,8,,Republican
CC10618,"Kapu, Jonah ",Maui Council,West Maui,Maui,Non-Partisan
CC10987,"Kapu, Jonah Keeaumoku ",OHA                                               ,Maui,,Non-Partisan
CC10949,"Kapuniai, Ryan",House,26,,Democrat
CC10256,"Karamatsu, Jon",Lt. Governor,,,Democrat
CC10689,"Katz, Norman",House,26,,Republican
CC10883,"Kaukani, Chad",Honolulu Council,3,Honolulu,Non-Partisan
CC10467,"Kawahara, Lani ",Kauai Council,Kauai,Kauai,Democrat
CC10377,"Kawakami, Derek",House,14,,Democrat
CC10565,"Kawakami, Shaun",House,45,,Democrat
CC10216,"Kawamoto, Cal ",Senate,18,,Democrat
CC10404,"Kawananakoa, Quentin ",House,51,,Republican
CC10952,"Kay, Alana",Mayor,,Maui,Non-Partisan
CC10385,"Kealoha, Christobel ",Kauai Council,14,Kauai,Democrat
CC10537,"Keith-Agaran, Gilbert",Senate,5,,Democrat
CC10335,"Kenoi, William",Mayor,,Hawaii,Democrat
CC11056,"Keohokalole, Jarrett",House,48,,Democrat
CC10813,"Kern, Zendo",Hawaii Council,5,Hawaii,Non-Partisan
CC10494,"Kidani, Michelle",Senate,18,,Democrat
CC10955,"Kim, Brian ",House,27,,Republican
CC10254,"Kim, Donna",Senate,14,,Democrat
CC10924,"Kim, Harry ",Mayor,,Hawaii,Non-Partisan
CC10348,"Kim, Jo",Hawaii Council,1,Hawaii,Democrat
CC10157,"Kimura, Jay",Prosecuting Attorney,,Hawaii,Democrat
CC10334,"Kincaid, Kaipo ",House,49,,Democrat
CC10539,"King, Adrienne ",Lt. Governor,,,Republican
CC10551,"Kinney, Nathaniel",House,23,,Democrat
CC10498,"Kippen, Colin ",OHA                                               ,At-Large,,Non-Partisan
CC10671,"Kirkpatrick, Malcolm ",BOE                                               ,At-Large,,Non-Partisan
CC10473,"Kirkpatrick, Malcolm ",BOE                                               ,2,,Non-Partisan
CC10150,"Kobayashi, Ann",Honolulu Council,5,Honolulu,Non-Partisan
CC10881,"Kobayashi, Bertrand",House,19,,Democrat
CC10704,"Koh, Patrick",House,29,,Democrat
CC10187,"Kokubun, Russell ",Senate,2,,Democrat
CC10805,"Kollar, Justin",Prosecuting Attorney,,Kauai,Non-Partisan
CC10649,"Kong, Samuel",House,33,,Republican
CC10611,"Kopelman, Ori ",Mayor,,Maui,Independent
CC10226,"Kouchi, Ron",Senate,8,,Democrat
CC10503,"Ku, Tercia",House,43,,Republican
CC10353,"Kualii, KipuKai",Kauai Council,At-Large,Kauai,Democrat
CC11049,"Kukahiko, Eldean",House,48,,Republican
CC10786,"Kurshals, Maralyn ",BOE                                               ,1,,Non-Partisan
CC10706,"LaBedz, Diana ",Mayor,,Kauai,Democrat
CC10688,"Lacuesta, Celeste ",Honolulu Council,1,Honolulu,Non-Partisan
CC10912,"Lacuesta, Roger ",Senate,19,,Democrat
CC10936,"LaFrance, Jeff ",Senate,3,,Republican
CC10870,"Lajala, Kurt ",Senate,9,,Democrat
CC10601,"Lane, T.J. ",House,18,,Democrat
CC10765,"Larkey, Jerald ",House,38,,Republican
CC10896,"Larson, Elisabeth",Senate,12,,Republican
CC10922,"Last, Michael ",Senate,3,,Non-Partisan
CC10597,"Laub, Paul ",Maui Council,West Maui,Maui,Independent
CC10610,"Lavoie, Frank ",Honolulu Council,6,Honolulu,Non-Partisan
CC11055,"Law, Timothy",Hawaii Council,,,
CC10759,"Leau, Rebecca",House,6,,Republican
CC10721,"Lee, Albert",House,18,,Democrat
CC10940,"Lee, Calvin ",OHA                                               ,At-Large,,Democrat
CC10458,"Lee, Carol Mon ",BOE                                               ,1,,Non-Partisan
CC10395,"Lee, Christopher",House,51,,Democrat
CC11004,"Lee, Marilyn",House,36,,Democrat
CC10184,"Lee, Marilyn ",House,36,,Democrat
CC10541,"Lee, Philmund ",Honolulu Council,5,Honolulu,Non-Partisan
CC10758,"Lee, Philmund ",Mayor,,Honolulu,Non-Partisan
CC10384,"Legal, Jack ",House,40,,Republican
CC10751,"Lembeck, E.J. ",House,21,,Republican
CC10527,"Leong, Keoki ",Honolulu Council,3,Honolulu,Non-Partisan
CC10164,"Leong, Keoki ",Senate,24,,Republican
CC10854,"Leslie, Bucky ",House,6,,Democrat
CC10789,"Lewis, Chris ",Honolulu Council,1,Honolulu,Democrat
CC10654,"Lewis, Joseph ",OHA                                               ,At-Large,,Non-Partisan
CC10509,"Libre, Rhoda ",House,15,,Democrat
CC10941,"Lincoln, Lancelot ",OHA                                               ,At-Large,,Democrat
CC10981,"Lindsey, Carmen",OHA                                               ,Maui,,Independent
CC10406,"Lindsey, Robert",OHA                                               ,At-Large,,Non-Partisan
CC10223,"Lingle, Linda ",Governor,,,Republican
CC10653,"Linville, Marcia ",BOE                                               ,At-Large,,Democrat
CC10456,"Linville, Marcia ",BOE                                               ,26,,Non-Partisan
CC10869,"Lipton, Levani ",Senate,25,,Democrat
CC10560,"Lively, Barbara ",Hawaii Council,5,Hawaii,Non-Partisan
CC10794,"LoPresti, Matthew",House,41,,Democrat
CC10571,"Low, Jeremy",House,18,,Republican
CC10861,"Lowen, Nicole",House,6,,Democrat
CC11057,"Lozano, Roy",Hawaii Council,4,Hawaii,Non-Partisan
CC10186,"Luke, Sylvia",House,25,,Democrat
CC10658,"Lum Ho, Sharon ",House,31,,Democrat
CC10465,"Lum Lee, Christopher-Travis ",Senate,16,,Non-Partisan
CC10992,"Lum Lee, Christopher-Travis",OHA                                               ,Oahu,,Democrat
CC10903,"Lunasco, Oliver ",House,45,,Democrat
CC10437,"Lunasco, Oliver ",House,46,,Democrat
CC10872,"Lyons, Jeffrey ",House,45,,Republican
CC10567,"Lyons, Michael ",Senate,22,,Democrat
CC10354,"MacGregor, Maegan ",House,7,,Democrat
CC10317,"Machado, Colette",OHA                                               ,Molokai,,Democrat
CC10487,"Madden, Ramon",House,10,,Republican
CC10188,"Magaoay, Michael ",House,45,,Democrat
CC10705,"Makekau, Kealii",OHA                                               ,At-Large,,Independent
CC10444,"Maly, Jacqueline R.S.R.T. ",Mayor,,Honolulu,Non-Partisan
CC10885,"Manabat, Christopher",House,40,,Democrat
CC10251,"Manahan, Joey",Honolulu Council,7,Honolulu,Democrat
CC10800,"Manaku, James ",Honolulu Council,1,Honolulu,Non-Partisan
CC10258,"Manayan, Rick",House,30,,Republican
CC10639,"Manner, Paul ",Governor,,,Non-Partisan
CC10518,"Manner, Paul ",Mayor,,Honolulu,Non-Partisan
CC10366,"Mano, Matthew ",Maui Council,Lanai,Maui,Non-Partisan
CC10619,"Mano, Matthew",Maui Council,Lanai,Maui,Non-Partisan
CC10832,"Marsh, Anne",Mayor,,Hawaii,Non-Partisan
CC10151,"Marshall, Barbara ",Honolulu Council,3,Honolulu,Non-Partisan
CC10743,"Marshall, Eric ",Senate,10,,Republican
CC10959,"Marten, Chayne ",House,10,,Republican
CC10476,"Marten, Chayne ",Maui Council,10,Maui,Non-Partisan
CC10770,"Marten, Chayne ",House,10,,Republican
CC10568,"Martin, Ernest",Honolulu Council,2,Honolulu,Democrat
CC10788,"Martinez, Rosebella",House,40,,Democrat
CC10240,"Marumoto, Barbara",House,19,,Republican
CC10412,"Marzi, Anthony ",House,4,,Democrat
CC10430,"Masilamoney, Sam ",Mayor,,Hawaii,Non-Partisan
CC10189,"Mateo, Danny ",Maui Council,Molokai,Maui,Democrat
CC10463,"Matsumoto, Denise ",BOE                                               ,3rd Dept. (Honolulu),,Non-Partisan
CC10555,"Matsunaga, Matthew",Honolulu Council,5,Honolulu,Democrat
CC10739,"Mayor, Roberta ",BOE                                               ,At-Large,,Non-Partisan
CC10923,"McDermott, Bob",House,40,,Republican
CC10784,"McDermott, Bob ",Honolulu Council,1,Honolulu,Non-Partisan
CC11007,"McInerny, Harvey",OHA                                               ,At-Large,,Non-Partisan
CC10558,"McIntosh, Harry ",Senate,2,,Republican
CC10825,"McIntosh, Harry ",Hawaii Council,6,Hawaii,Non-Partisan
CC10888,"McKeague-Gomes, Leslie",House,43,,Democrat
CC10264,"McKelvey, Angus",House,10,,Democrat
CC10857,"McLaughlin, Erin ",Maui Council,Kahului,Maui,Non-Partisan
CC10741,"McLeod, John ",Mayor,,Honolulu,Libertarian
CC10507,"McMahon, Nancy ",Kauai Council,Kauai,Kauai,Non-Partisan
CC10451,"Medeiros, William ",Maui Council,East Maui,Maui,Non-Partisan
CC10573,"Mee-Lee, Matthew ",House,24,,Democrat
CC10158,"Menor, Ron",Honolulu Council,9,Honolulu,Democrat
CC10207,"Meyer, Colleen",Senate,23,,Republican
CC10714,"Meyers, Jadeen ",House,45,,Republican
CC10603,"Meyers, William ",OHA                                               ,2,,Independent
CC10938,"Meyers, William ",OHA                                               ,Hawaii,,Democrat
CC10391,"Meyers, William ",OHA                                               ,Hawaii,,Non-Partisan
CC10298,"Middleton, Carlton",Honolulu Council,6,Honolulu,Democrat
CC10490,"Mijares, Scott ",Kauai Council,Kauai,Kauai,Non-Partisan
CC10647,"Milbourn, Peter ",Mayor,,Maui,Non-Partisan
CC10720,"Miller, Harold ",Mayor,,Maui,Independent
CC10979,"Miller, Steven",Honolulu Council,6,Honolulu,Non-Partisan
CC10462,"Min, Robert ",House,Wailuku,,Republican
CC10899,"Mindo, Romeo ",House,40,,Democrat
CC10974,"Miranda, Edwin ",OHA                                               ,2,,Non-Partisan
CC10559,"Miranda, Marc ",House,1,,Republican
CC10241,"Mizuno, John",House,28,,Democrat
CC10983,"Mizuno, Joje May",Honolulu Council,6,Honolulu,Non-Partisan
CC10280,"Moepono, Sesnita",Honolulu Council,6,Honolulu,Non-Partisan
CC10632,"Mohr, John ",House,25,,Republican
CC10309,"Molina, Michael",Maui Council,Makawao,Maui,Democrat
CC10455,"Monk, Amy ",House,17,,Democrat
CC10566,"Montes, Anel ",Senate,20,,Republican
CC10365,"Moore, Michael ",Mayor,,Hawaii,Non-Partisan
CC10631,"Morikawa, Daynette",House,16,,Democrat
CC10233,"Morita, Hermina",House,14,,Democrat
CC10219,"Moses, Mark",House,40,,Republican
CC10668,"Mossman, Boyd ",OHA                                               ,Maui,,Non-Partisan
CC10971,"Mulvihill, Bart",Senate,6,,Republican
CC10500,"Mulvihill, Bart ",Senate,5,,Democrat
CC10376,"Muraki, Noel ",Senate,23,,Democrat
CC10937,"Murphy, Christopher ",House,46,,Republican
CC10165,"Naauao, Kaui ",OHA                                               ,Oahu,,Non-Partisan
CC10315,"Naeole, Emily ",Hawaii Council,5,Hawaii,Non-Partisan
CC10371,"Naeole-Beason, Emily",Hawaii Council,5,Hawaii,Non-Partisan
CC10590,"Nakamura, Nadine ",Kauai Council,At-Large,Kauai,Democrat
CC10753,"Nakasato, Dennis ",Honolulu Council,6,Honolulu,Democrat
CC10984,"Nakasato, Kevin",Honolulu Council,6,Honolulu,Non-Partisan
CC10352,"Nakashima, Mark",House,1,,Democrat
CC10261,"Nakasone, Robert ",House,9,,Democrat
CC10485,"Nakkim, Lynn ",House,1,,Democrat
CC10535,"Naluai, Solomon ",Honolulu Council,3,Honolulu,Non-Partisan
CC10454,"Naluai, Solomon ",OHA                                               ,At-Large,,Non-Partisan
CC10450,"Namuo, Pauline ",BOE                                               ,At-Large,,Non-Partisan
CC11046,"Nava, Frederick",Maui Council,West Maui,Maui,Democrat
CC10764,"Nicolas, Fernie ",House,41,,Democrat
CC10159,"Nishihara, Clarence",Senate,17,,Democrat
CC10428,"Nishiki, Kahekai ",Maui Council,Makawao,Maui,Democrat
CC10517,"Nishiki, Wayne ",Maui Council,South Maui,Maui,Non-Partisan
CC10719,"Nishiki, Wayne ",Maui Council,11,Maui,Non-Partisan
CC10190,"Nishimoto, Scott ",House,21,,Democrat
CC10152,"Nishioka, Nadine ",House,24,,Republican
CC10441,"Nitta, George ",Mayor,,Honolulu,Democrat
CC10594,"Nomura, Leona ",Maui Council,Makawao,Maui,Non-Partisan
CC10778,"Odegaard, Michael ",OHA                                               ,At-Large,,Non-Partisan
CC10380,"Offenbaker, Steven ",House,1,,Republican
CC10808,"Ohno, Takashi",House,27,,Democrat
CC10823,"Okamura, Thomas ",House,33,,Democrat
CC10305,"Okino, Gary",House,33,,Democrat
CC10477,"Okutsu, Marie ",Hawaii Council,4,Hawaii,Non-Partisan
CC10709,"Olson, Jonathon ",Mayor,,Maui,Non-Partisan
CC10783,"ONeal, David ",BOE                                               ,1,,Non-Partisan
CC10373,"Onishi, Dennis",Hawaii Council,3,Hawaii,Non-Partisan
CC10965,"Onishi, Richard",House,3,,Democrat
CC10160,"Ontai, Guy ",House,37,,Republican
CC10379,"Ornellas, John ",Maui Council,Lanai,Maui,Non-Partisan
CC10255,"Oshiro, Blake",House,33,,Democrat
CC10191,"Oshiro, Marcus",House,46,,Democrat
CC10904,"Oyama, Leolani ",House,5,,Democrat
CC11006,"Ozawa, Trevor",Honolulu Council,4,Honolulu,Non-Partisan
CC10553,"Pacarro, Franklin Jr. ",Prosecuting Attorney,,Honolulu,Non-Partisan
CC10943,"Pacheco, Jade ",OHA                                               ,Kauai,,Non-Partisan
CC10452,"Pacheco, Maria ",House,47,,Democrat
CC10698,"Pacheco, Maria ",House,46,,Democrat
CC10880,"Pajimola, Noralyn",House,1,,Democrat
CC11010,"Paltin, Tamara ",Mayor,,Maui,Democrat
CC10582,"Pandolfe, Joseph Jr. ",Senate,25,,Republican
CC10357,"Parayno, Ilalo ",House,35,,Democrat
CC10734,"Park, Timothy ",House,25,,Republican
CC10502,"Pasadava, Linda ",Kauai Council,Kauai,Kauai,Democrat
CC10673,"Pascua, Benizon",Senate,15,,Republican
CC10733,"Pascua, Jason",House,48,,Democrat
CC10641,"Payne, Gary ",House,26,,Democrat
CC11012,"Peleiholani, Julia",House,4,,Democrat
CC10660,"Penebacker, John ",BOE                                               ,6th Dept. (Windward),,Non-Partisan
CC10552,"Peralto, Keolu ",Honolulu Council,5,Honolulu,Non-Partisan
CC10699,"Perry, Johnnie-Mae ",House,45,,Democrat
CC10855,"Perry, Johnnie-Mae ",House,44,,Democrat
CC10431,"Peters, Robert ",BOE                                               ,At-Large,,Non-Partisan
CC10926,"Peters, Wilson",Maui Council,Molokai,Maui,Non-Partisan
CC10320,"Philips, Carol ",House,46,,Republican
CC10532,"Pico, Thomas, Jr. ",Honolulu Council,3,Honolulu,Non-Partisan
CC10250,"Pilago, K. Angel ",Hawaii Council,8,Hawaii,Non-Partisan
CC10651,"Piltz, Ransom ",Mayor,,Maui,Democrat
CC10295,"Pine, Kymberly",Honolulu Council,1,Honolulu,Republican
CC10438,"Pleas, Bruce ",Kauai Council,Kauai,Kauai,Non-Partisan
CC10958,"Pohle, Richard ",Maui Council,Upcountry,Maui,Non-Partisan
CC10848,"Poindexter, Valerie",Hawaii Council,1,Hawaii,Non-Partisan
CC10599,"Pollard, Thomas ",Governor,,,Independent
CC10917,"Pomroy, Sharon ",OHA                                               ,Kauai,,Non-Partisan
CC10192,"Pontanilla, Joseph",Maui Council,Kahului,Maui,Democrat
CC11018,"Poti, LuAnn",House,35,,Republican
CC10691,"Potter-Campos, Susan ",Maui Council,10,Maui,Non-Partisan
CC11013,"Pouha, Feki",House,47,,Republican
CC10624,"Prentiss, Charles ",Senate,25,,Democrat
CC10402,"Prentiss, Merrily ",Honolulu Council,3,Honolulu,Democrat
CC10419,"Prevedouros, Panos ",Mayor,,Honolulu,Non-Partisan
CC10604,"Price, Larry ",Senate,8,,Democrat
CC10895,"Puletasi, Palasi ",House,40,,Democrat
CC10585,"Puletasi, Palasi Sam ",Senate,20,,Democrat
CC10401,"Purdy, Robert ",OHA                                               ,Molokai,,Democrat
CC10549,"Quimby, James ",Honolulu Council,5,Honolulu,Independent
CC10680,"Radke, Maurice",House,48,,Republican
CC10361,"Rahman, Inam",Honolulu Council,6,Honolulu,Democrat
CC10193,"Rapozo, Melvin",Kauai Council,At-Large,Kauai,Democrat
CC10767,"Rath, Jim ",Hawaii Council,8,Hawaii,Non-Partisan
CC10939,"Rattner, Joseph ",House,40,,Democrat
CC10381,"Reed, Robert ",Hawaii Council,3,Hawaii,Non-Partisan
CC10948,"Reeder, Adam",House,41,,Republican
CC10646,"Reyes, Arturo (Art) Pacheco ",Governor,,,Democrat
CC10405,"Reynolds, Joseph ",Hawaii Council,8,Hawaii,Non-Partisan
CC10194,"Rezentes, Cynthia",House,43,,Democrat
CC10195,"Rhoads, Karl",House,29,,Democrat
CC10196,"Richman, Monroe ",Kauai Council,Kauai,Kauai,Republican
CC10482,"Riley, Randell ",Mayor,,Hawaii,Non-Partisan
CC10718,"Rinaldi, Laurie ",House,12,,Republican
CC10906,"Ritte, Walter",OHA                                               ,At-Large,,Democrat
CC10386,"Riviere, Gil",House,47,,Democrat
CC10545,"Rockwell, Phillip ",House,31,,Democrat
CC10795,"Roco, John ",Honolulu Council,1,Honolulu,Republican
CC10512,"Rodriguez, Reynaldo ",House,42,,Democrat
CC10815,"Roth, Mitchell",Prosecuting Attorney,,Hawaii,Independent
CC10860,"Ruderman, Russell",Senate,2,,Democrat
CC10862,"Russell, Simon",House,13,,Republican
CC10988,"Rutledge, Aaron",Honolulu Council,6,Honolulu,Non-Partisan
CC10760,"Ryan, Ellen Pohai",Senate,25,,Democrat
CC10536,"Ryan, Ellen Pohai ",Honolulu Council,3,Honolulu,Non-Partisan
CC10666,"Sabey, Isaiah",House,24,,Republican
CC10424,"Safarik, Gary ",Hawaii Council,5,Hawaii,Non-Partisan
CC10871,"Safarik, Gary",Senate,2,,Democrat
CC10663,"Sagaysay, Lawrence ",House,46,,Democrat
CC10265,"Sagum, Roland ",House,16,,Democrat
CC10969,"Sahut, Ronson ",OHA                                               ,Kauai,,Democrat
CC10197,"Saiki, Scott",House,26,,Democrat
CC10198,"Sakamoto, Norman",Lt. Governor,,,Democrat
CC10272,"Salcedo, Janice ",Senate,19,,Democrat
CC11014,"San Buenaventura, Joy ",House,4,,Democrat
CC10727,"Sanborn, J William ",Hawaii Council,9,Hawaii,Non-Partisan
CC10877,"Sanborn, J. William ",Hawaii Council,9,Hawaii,Non-Partisan
CC10199,"Sanborn, J. William ",BOE                                               ,At-Large,,Non-Partisan
CC10427,"Saniatan, Rito ",House,41,,Republican
CC10814,"Santiago, Alexander ",Honolulu Council,1,Honolulu,Democrat
CC10884,"Santos, Donna",OHA                                               ,Kauai,,Non-Partisan
CC10200,"Saunders, Rex",House,23,,Democrat
CC10230,"Say, Calvin",House,20,,Democrat
CC10351,"Saylors, Denise ",House,45,,Democrat
CC10522,"Schatz, Brian",Lt. Governor,,,Democrat
CC10708,"Schmucker, S. Dean ",House,8,,Republican
CC10417,"Schultz, Michael",House,42,,Democrat
CC10731,"Seibert, Richard Eric",Senate,4,,Republican
CC10761,"Shafer, Benjamin ",Honolulu Council,2,Honolulu,Non-Partisan
CC10713,"Sharsh, Eleanor",House,31,,Democrat
CC10370,"Shields, Janice ",Senate,5,,Republican
CC10201,"Shimabukuro, Maile",Senate,21,,Democrat
CC10818,"Shimaoka, Oliver ""Sonny""",Hawaii Council,9,Hawaii,Non-Partisan
CC10702,"Shimizu, Garner",House,32,,Republican
CC10563,"Shiraki, Reed ",House,36,,Republican
CC10628,"Shiratori, Miles ",Governor,,,Democrat
CC10676,"Shorba, Lisa A.L. ",Senate,9,,Republican
CC10982,"Shubert-Kwock, Chu Lan",Honolulu Council,6,Honolulu,Independent
CC10665,"Siangco, Daniel ",House,49,,Republican
CC10547,"Sims, Jacques ""Butch"" ",Honolulu Council,5,Hawaii,Independent
CC10620,"Singer, Solomon ",House,4,,Non-Partisan
CC10287,"Slom, Sam",Senate,9,,Republican
CC10572,"Smart, Brittany",House,3,,Democrat
CC10210,"Smith, Andy ",House,6,,Republican
CC10986,"Smith, Christopher ",Honolulu Council,6,Honolulu,Democrat
CC10909,"Smith, Daryl ",Senate,2,,Republican
CC10423,"Smith, Garry ",Honolulu Council,1,Honolulu,Non-Partisan
CC10202,"Smith, Paul ",Senate,13,,Republican
CC10802,"Solomon, Malama",Senate,4,,Democrat
CC10231,"Sonson, Alex ",Senate,18,,Democrat
CC10844,"Sonson, Alex",House,38,,Democrat
CC10259,"Souki, Joseph",House,8,,Democrat
CC10396,"Sparks, Steven ",House,4,,Democrat
CC10725,"Spence, Deborah ",Lt. Governor,,,Independent
CC10349,"Starr, Summer ",House,12,,Democrat
CC10615,"Steele, Christopher ",Governor,,,Republican
CC10781,"Stender, Oswald ",OHA                                               ,At-Large,,Non-Partisan
CC10925,"Stephens, Aaron ",House,4,,Non-Partisan
CC10729,"Sterker, Phillip ",House,16,,Republican
CC10244,"Stevens, Anne",House,22,,Republican
CC10407,"Stocksdale, Kaniu ",Hawaii Council,5,Hawaii,Non-Partisan
CC11033,"Strode, Ronald ",Mayor,,,
CC11031,"Stump, Christopher",House,17,,Democrat
CC10834,"Sua, Vai ",Honolulu Council,9,Honolulu,Non-Partisan
CC10989,"Suapaia, Jason",Honolulu Council,6,Honolulu,Non-Partisan
CC10239,"Sugimura, Jane ",House,32,,Democrat
CC10443,"Svrcina, Emil ",Honolulu Council,9,Honolulu,Non-Partisan
CC10963,"Svrcina, Emil ",House,37,,Republican
CC10961,"Swain, William",OHA                                               ,Kauai,,Non-Partisan
CC10707,"Swindell, Lyle",House,32,,Democrat
CC10934,"Synan, Dwight",House,20,,Democrat
CC10606,"Synan, Dwight ",House,20,,Democrat
CC10736,"Takabayashi, Roger ",BOE                                               ,At-Large,,Non-Partisan
CC10249,"Takai, K. Mark",House,33,,Democrat
CC10203,"Takamine, Dwight ",Senate,1,,Democrat
CC10953,"Takamura, Clifton ",House,21,,Democrat
CC10852,"Takata, Kevin",Prosecuting Attorney,,Honolulu,Independent
CC10914,"Takayama, Gregg",House,34,,Democrat
CC10247,"Takeuchi, Nathan ",House,36,,Democrat
CC10246,"Takumi, Roy",House,35,,Democrat
CC10286,"Tam, Rod",Senate,13,,Democrat
CC10342,"Tamayo, Tulsi Gabbard",Honolulu Council,6,Honolulu,Independent
CC10627,"Tanabe, Van ",Governor,,,Democrat
CC10204,"Taniguchi, Brian",Senate,11,,Democrat
CC10325,"Tanonaka, Dalton",Lt. Governor,,,Republican
CC10300,"Tavares, Charmaine ",Mayor,,Maui,Non-Partisan
CC10484,"Tavares, Deirdre Moana ",House,3,,Republican
CC10491,"Taylor, Kenneth",Kauai Council,Kauai,Kauai,Democrat
CC10799,"Teruya, Patricia ",Honolulu Council,1,Honolulu,Non-Partisan
CC10493,"Texeira, Steven ",Hawaii Council,7,Hawaii,Non-Partisan
CC10205,"Thielen, Cynthia",House,50,,Republican
CC10867,"Thielen, Laura",Senate,25,,Democrat
CC10894,"Thompson, Rachel ",Hawaii Council,2,Hawaii,Non-Partisan
CC10774,"Thomson, Zach ",House,24,,Republican
CC10970,"Thomson, Zachary ",House,23,,Republican
CC10489,"Thronas, George ",Kauai Council,Kauai,Kauai,Democrat
CC10655,"Toelupe, Sesa Pepe ",Governor,,,Democrat
CC10388,"Toguchi, Garrett",BOE                                               ,No Dept.,,Non-Partisan
CC10278,"Tokioka, James",House,15,,Democrat
CC10282,"Tokuda, Jill",Senate,24,,Democrat
CC10206,"Tom, Robert ",House,26,,Republican
CC10339,"Tom, Terrance ",BOE                                               ,At-Large,,Non-Partisan
CC10382,"Torres, Raynard ",Hawaii Council,9,Hawaii,Democrat
CC10865,"Totten, John ",Senate,3,,Republican
CC10588,"Toyomura, Ryan",Lt. Governor,,,Democrat
CC11038,"Trask, Mililani",OHA                                               ,At-Large,,Democrat
CC10153,"Trimble, Gordon ",Senate,12,,Republican
CC10957,"Trujillo, Troy",House,16,,Republican
CC10217,"Tsuji, Clifton",House,2,,Democrat
CC10445,"Tsuneyoshi, Resa ",Senate,17,,Democrat
CC10238,"Tsutsui, Shan",Lt. Governor,,,Democrat
CC10161,"Tulang, Michael ",Hawaii Council,2,Hawaii,Non-Partisan
CC10850,"Tungpalan, Eloise Yamashita ",House,34,,Democrat
CC10995,"Tupola, Andria",House,43,,Republican
CC10550,"Turbin, Richard",Honolulu Council,4,Honolulu,Non-Partisan
CC10154,"Turner, Jeff ",Hawaii Council,7,Hawaii,Non-Partisan
CC10292,"Valenciano, Randal ",Kauai Council,At-Large,Kauai,Non-Partisan
CC10724,"Vannatta, Sharon ",House,2,,Republican
CC10787,"Vares, Norman ",Maui Council,South Maui,Maui,Non-Partisan
CC10519,"Vares, Norman ",Maui Council,South Maui,Maui,Non-Partisan
CC10421,"Vasquez-Dela Cerna, Lynn ",House,27,,Democrat
CC10840,"Velasco, Nicole",House,30,,Democrat
CC10796,"Velleses, Gary ",Honolulu Council,1,Honolulu,Non-Partisan
CC10387,"Verdadero, Dante ",House,35,,Democrat
CC10248,"Victorino, Michael",Maui Council,Wailuku,Maui,Non-Partisan
CC10769,"Vieira, Robert ",Honolulu Council,6,Honolulu,Non-Partisan
CC10990,"Vieira, Robert ",Honolulu Council,6,Honolulu,Democrat
CC10516,"Vierra, Mickey ",House,12,,Republican
CC10677,"Villaruz, Danilo (Danny)",House,31,,Democrat
CC10920,"Vincent, Henry",House,51,,Republican
CC10299,"Visperas, Terry ",House,30,,Democrat
CC10548,"Waialeale, George ",Honolulu Council,5,Honolulu,Democrat
CC10511,"Waihee, Jennifer",House,27,,Democrat
CC10214,"Waihee, John",OHA                                               ,At-Large,,Democrat
CC10208,"Wakai, Glenn",Senate,15,,Democrat
CC10973,"Walls, Rand ",Mayor,,Hawaii,Non-Partisan
CC10425,"Walsh, Patrick ",BOE                                               ,1st Dept. (Hawaii),,Non-Partisan
CC10209,"Ward, Gene",House,17,,Republican
CC10442,"Wasson, Dawn ",House,46,,Democrat
CC10716,"Wasson, Dawn",House,46,,Democrat
CC10369,"Watanabe, Herbert ",BOE                                               ,2,,Non-Partisan
CC10276,"Waters, Thomas ",House,51,,Democrat
CC11024,"Waters, Tommy",Honolulu Council,4,Honolulu,Non-Partisan
CC10659,"Waugh, Timothy ",Senate,2,,Democrat
CC10826,"Weatherford, James ",Hawaii Council,4,Hawaii,Non-Partisan
CC10570,"Weatherford, James ",Hawaii Council,5,Hawaii,Non-Partisan
CC10481,"Weinert, Eric ",House,1,,Republican
CC11045,"Wendt, Mahealani",OHA                                               ,Maui,,Non-Partisan
CC10277,"West, Stephen ",House,11,,Democrat
CC10841,"Westervelt, Bradley ",Hawaii Council,6,Hawaii,Non-Partisan
CC10155,"Whalen, Paul ",Senate,3,,Republican
CC10556,"White, John",Honolulu Council,2,Honolulu,Non-Partisan
CC10669,"White, Michael",Maui Council,Makawao,Maui,Non-Partisan
CC10749,"White, Thomas ",House,23,,Republican
CC10521,"Widner, Lance ",Honolulu Council,9,Honolulu,Non-Partisan
CC10227,"Wilcox, Mike ",Honolulu Council,6,Honolulu,Non-Partisan
CC10831,"Wilhelm, Steve ",Hawaii Council,2,Hawaii,Non-Partisan
CC10817,"Wille, Margaret",Hawaii Council,9,Hawaii,Non-Partisan
CC10738,"Williams, Harry ",House,14,,Republican
CC10740,"Wilson, Herman ",Senate,7,,Independent
CC10643,"Wilson, Leona Rocha ",BOE                                               ,Maui,,Non-Partisan
CC10546,"Winfree, Earl ",Honolulu Council,5,Honolulu,Democrat
CC10587,"Winfree, Earl ",Senate,11,,Democrat
CC10954,"Wingard, Lori",House,18,,Republican
CC10717,"Wolfgramm, Makahaa",House,51,,Republican
CC10997,"Wong, Arnold",House,33,,Democrat
CC10766,"Wong, Carl ",House,39,,Republican
CC10586,"Wong, Christopher",Honolulu Council,6,Honolulu,Non-Partisan
CC10294,"Wong, Collin ",House,28,,Republican
CC10747,"Wong, William ",House,34,,Republican
CC11022,"Wong-Kalu, Hinaleimoana",OHA                                               ,At-Large,,Non-Partisan
CC10993,"Woodson, Justin",House,9,,Democrat
CC10358,"Wooley, Jessica",House,48,,Democrat
CC10681,"Wurst, Barry ",BOE                                               ,2,,Non-Partisan
CC10932,"Yadao, Leland ",OHA                                               ,Kauai,,Non-Partisan
CC10768,"Yago, Reginald",House,35,,Republican
CC10956,"Yagong, Chelsea",Hawaii Council,1,Hawaii,Democrat
CC10313,"Yagong, Dominic",Mayor,,Hawaii,Non-Partisan
CC10898,"Yamane, Brian ",House,19,,Democrat
CC10306,"Yamane, Brian ",BOE                                               ,9,,Democrat
CC10762,"Yamane, John ",Senate,7,,Democrat
CC10235,"Yamane, Ryan",House,37,,Democrat
CC10232,"Yamashita, Kyle",House,12,,Democrat
CC10564,"Yaqoob, Anosh ",House,31,,Democrat
CC10510,"Yaw, Shane ",House,29,,Republican
CC10291,"Yee, Randall",BOE                                               ,9,,Democrat
CC11036,"Yoder, Steven",House,15,,Republican
CC10281,"Yoshimoto, J",Hawaii Council,2,Hawaii,Non-Partisan
CC10978,"Yoshimura, Jon ",Honolulu Council,6,Honolulu,Non-Partisan
CC10886,"Young, Darrell",House,19,,Republican
CC10703,"Young, Pamela ",BOE                                               ,No Dept.,,Non-Partisan
CC10685,"Young, Sammye Ann ",Hawaii Council,2,Hawaii,Non-Partisan
CC10471,"Young, Tsing ",Hawaii Council,8,Hawaii,Democrat
CC10985,"Youngquist, Arvid ",Honolulu Council,6,Honolulu,Democrat
CC10798,"Yuen, Victoria (Cissy) ",Honolulu Council,1,Honolulu,Democrat
CC10262,"Yukimura, JoAnn",Kauai Council,At-Large,Kauai,Democrat
CC11003,"Zibakalam, Emmanuel",House,21,,Democrat
