reg_no,candidate_name,office,district,county,party
CC10132,"Hannemann, Mufi",Governor,,,Independent
CC10133,"Aiona, Sam",Honolulu Council,6,Honolulu,Non-Partisan
CC10134,"Apo, Todd",Honolulu Council,1,Honolulu,Non-Partisan
CC10135,"Baker, Rosalyn",Senate,6,,Democrat
CC10136,"Bunda, Robert",Lt. Governor,,,Democrat
CC10137,"Cachola, Romy",House,30,,Democrat
CC10138,"Carlisle, Peter ",Mayor,,Honolulu,Non-Partisan
CC10139,"Duncan, Kaipo ",House,31,,Republican
CC10140,"English, Kalani",Senate,7,,Democrat
CC10141,"Falconer, James ""Kimo"" ",Maui Council,West Maui,Maui,Non-Partisan
CC10142,"Garcia, Nestor",Senate,19,,Democrat
CC10143,"Hanabusa, Colleen ",Senate,21,,Democrat
CC10144,"Hee, Clayton",Senate,23,,Democrat
CC10145,"Hogue, Bob ",Senate,24,,Republican
CC10146,"Hooser, Gary",Kauai Council,Kauai,Kauai,Democrat
CC10147,"Ige, David",Governor,,,Democrat
CC10148,"Inouye, Lorraine",Senate,4,,Democrat
CC10149,"Kanno, Brian  ",BOE,At-Large,,Non-Partisan
CC10150,"Kobayashi, Ann",Honolulu Council,5,Honolulu,Non-Partisan
CC10151,"Marshall, Barbara ",Honolulu Council,3,Honolulu,Non-Partisan
CC10152,"Nishioka, Nadine ",House,24,,Republican
CC10153,"Trimble, Gordon ",Senate,12,,Republican
CC10154,"Turner, Jeff ",Hawaii Council,7,Hawaii,Non-Partisan
CC10155,"Whalen, Paul ",Senate,3,,Republican
CC10156,"Bukoski, Kika ",House,12,,Non-Partisan
CC10157,"Kimura, Jay",Prosecuting Attorney,,Hawaii,Democrat
CC10158,"Menor, Ron",Honolulu Council,9,Honolulu,Democrat
CC10159,"Nishihara, Clarence",Senate,17,,Democrat
CC10160,"Ontai, Guy ",House,37,,Republican
CC10161,"Tulang, Michael ",Hawaii Council,2,Hawaii,Non-Partisan
CC10162,"Aiona, James (Duke)",Governor,,,Republican
CC10163,"Hemmings, Fred ",Senate,25,,Republican
CC10164,"Leong, Keoki ",Senate,24,,Republican
CC10165,"Naauao, Kaui ",OHA,Oahu,,Non-Partisan
CC10166,"Berg, Lyla ",Lt. Governor,,,Democrat
CC10167,"De Costa, Craig ",Prosecuting Attorney,,Kauai,Non-Partisan
CC10168,"Chang, Jerry ",House,2,,Democrat
CC10169,"Chun Oakland, Suzanne",Senate,13,,Democrat
CC10170,"Danner, Robin ",OHA,At-Large,,Non-Partisan
CC10171,"Dela Cruz, Donovan",Senate,22,,Democrat
CC10172,"Ford, Brenda",Hawaii Council,6,Hawaii,Democrat
CC10174,"Green, Josh",Senate,3,,Democrat
CC10175,"Henkin, David ",Lt. Governor,,,Democrat
CC10176,"Hiraki, Ken ",House,28,,Democrat
CC10178,"Ihara, Les Jr.",Senate,10,,Democrat
CC10179,"Ikeda, Donald ",Hawaii Council,2,Hawaii,Democrat
CC10180,"Ito, Ken",House,49,,Democrat
CC10181,"Jacobson, Robert ",Hawaii Council,6,Hawaii,Non-Partisan
CC10182,"Johnson, JoAnne ",Maui Council,10,Maui,Non-Partisan
CC10183,"Kalua, Bernard ",OHA,At-Large,,Non-Partisan
CC10184,"Lee, Marilyn ",House,36,,Democrat
CC10186,"Luke, Sylvia",House,25,,Democrat
CC10187,"Kokubun, Russell ",Senate,2,,Democrat
CC10188,"Magaoay, Michael ",House,45,,Democrat
CC10189,"Mateo, Danny ",Maui Council,Molokai,Maui,Democrat
CC10190,"Nishimoto, Scott ",House,21,,Democrat
CC10191,"Oshiro, Marcus",House,46,,Democrat
CC10192,"Pontanilla, Joseph",House,9,,Democrat
CC10193,"Rapozo, Melvin",Kauai Council,At-Large,Kauai,Democrat
CC10194,"Rezentes, Cynthia",House,43,,Democrat
CC10195,"Rhoads, Karl",House,29,,Democrat
CC10196,"Richman, Monroe ",Kauai Council,Kauai,Kauai,Republican
CC10197,"Saiki, Scott",House,26,,Democrat
CC10198,"Sakamoto, Norman",Lt. Governor,,,Democrat
CC10199,"Sanborn, J. William ",BOE,At-Large,,Non-Partisan
CC10200,"Saunders, Rex",House,23,,Democrat
CC10201,"Shimabukuro, Maile",Senate,21,,Democrat
CC10202,"Smith, Paul ",Senate,13,,Republican
CC10203,"Takamine, Dwight ",Senate,1,,Democrat
CC10204,"Taniguchi, Brian",Senate,11,,Democrat
CC10205,"Thielen, Cynthia",House,50,,Republican
CC10206,"Tom, Robert ",House,26,,Republican
CC10207,"Meyer, Colleen",Senate,23,,Republican
CC10208,"Wakai, Glenn",Senate,15,,Democrat
CC10209,"Ward, Gene",House,17,,Republican
CC10210,"Smith, Andy ",House,6,,Republican
CC10211,"Abinsay, Felipe (Jun)",House,29,,Democrat
CC10213,"Hamakawa, Eric ",House,3,,Democrat
CC10214,"Waihee, John",OHA,At-Large,,Democrat
CC10215,"Aila, William",Governor,,,Democrat
CC10216,"Kawamoto, Cal ",Senate,18,,Democrat
CC10217,"Tsuji, Clifton",House,2,,Democrat
CC10218,"Akana, Rowena",OHA,At-Large,,Non-Partisan
CC10219,"Moses, Mark",House,40,,Republican
CC10221,"Finnegan, Lynn",Lt. Governor,,,Republican
CC10222,"Cachola, Earl ",House,29,,Democrat
CC10223,"Lingle, Linda ",Governor,,,Republican
CC10224,"Caldwell, Kirk",Mayor,,Honolulu,Non-Partisan
CC10225,"Hew Len, Kehaulani ",OHA,Oahu,,Democrat
CC10226,"Kouchi, Ron",Senate,8,,Democrat
CC10227,"Wilcox, Mike ",Honolulu Council,6,Honolulu,Non-Partisan
CC10228,"Alameida, Jeffrey ",House,46,,Republican
CC10229,"Espero, William",Senate,19,,Democrat
CC10230,"Say, Calvin",House,20,,Democrat
CC10231,"Sonson, Alex ",Senate,18,,Democrat
CC10232,"Yamashita, Kyle",House,12,,Democrat
CC10233,"Morita, Hermina",House,14,,Democrat
CC10234,"Herkes, Robert",Senate,2,,Democrat
CC10235,"Yamane, Ryan",House,37,,Democrat
CC10236,"Evans, Cindy",House,7,,Democrat
CC10237,"Kagawa, Fran ",Senate,8,,Democrat
CC10238,"Tsutsui, Shan",Lt. Governor,,,Democrat
CC10239,"Sugimura, Jane ",House,32,,Democrat
CC10240,"Marumoto, Barbara",House,19,,Republican
CC10241,"Mizuno, John",House,28,,Democrat
CC10242,"Ching, Corinne",House,27,,Republican
CC10243,"Har, Sharon",House,42,,Democrat
CC10244,"Stevens, Anne",House,22,,Republican
CC10245,"Heen, Walter ",OHA,Oahu,,Non-Partisan
CC10246,"Takumi, Roy",House,35,,Democrat
CC10247,"Takeuchi, Nathan ",House,36,,Democrat
CC10248,"Victorino, Michael",Maui Council,Wailuku,Maui,Non-Partisan
CC10249,"Takai, K. Mark",House,33,,Democrat
CC10250,"Pilago, K. Angel ",Hawaii Council,8,Hawaii,Non-Partisan
CC10251,"Manahan, Joey",Honolulu Council,7,Honolulu,Democrat
CC10252,"Hokama, Riki",Maui Council,Lanai,Maui,Non-Partisan
CC10253,"Kahoohalahala, Sol ",Mayor,,Maui,Democrat
CC10254,"Kim, Donna",Senate,14,,Democrat
CC10255,"Oshiro, Blake",House,33,,Democrat
CC10256,"Karamatsu, Jon",Lt. Governor,,,Democrat
CC10258,"Manayan, Rick",House,30,,Republican
CC10259,"Souki, Joseph",House,8,,Democrat
CC10260,"Higa, Stacy-Stan ",Mayor,,Hawaii,Democrat
CC10261,"Nakasone, Robert ",House,9,,Democrat
CC10262,"Yukimura, JoAnn",Kauai Council,At-Large,Kauai,Democrat
CC10264,"McKelvey, Angus",House,10,,Democrat
CC10265,"Sagum, Roland ",House,16,,Democrat
CC10266,"Apana, James (Kimo) ",Mayor,,Maui,Democrat
CC10267,"Ghean, Kay",House,10,,Republican
CC10268,"Djou, Charles",Lt. Governor,,,Republican
CC10269,"Belatti, Della Au",House,24,,Democrat
CC10270,"Iseri-Carvalho, Shaylene",Prosecuting Attorney,,Kauai,Democrat
CC10271,"Kaneshiro, Daryl ",Kauai Council,At-Large,Kauai,Non-Partisan
CC10272,"Salcedo, Janice ",Senate,19,,Democrat
CC10273,"Carroll, Mele",House,13,,Democrat
CC10274,"Fisher, Tony ",House,11,,Republican
CC10275,"Iwase, Randall ",Governor,,,Democrat
CC10276,"Waters, Thomas ",House,51,,Democrat
CC10277,"West, Stephen ",House,11,,Democrat
CC10278,"Tokioka, James",House,15,,Democrat
CC10279,"Gabbard, Mike",Senate,20,,Democrat
CC10280,"Moepono, Sesnita",Honolulu Council,6,Honolulu,Non-Partisan
CC10281,"Yoshimoto, J",Hawaii Council,2,Hawaii,Non-Partisan
CC10282,"Tokuda, Jill",Senate,24,,Democrat
CC10283,"Arakawa, Alan",Mayor,,Maui,Non-Partisan
CC10284,"Fukunaga, Carol",Honolulu Council,6,Honolulu,Democrat
CC10286,"Tam, Rod",Senate,13,,Democrat
CC10287,"Slom, Sam",Senate,9,,Republican
CC10288,"Harding, Kenneth",House,29,,Republican
CC10289,"Chong, Dwight",House,48,,Democrat
CC10290,"Brower, Tom",House,22,,Democrat
CC10291,"Yee, Randall",BOE,9,,Democrat
CC10292,"Valenciano, Randal ",Kauai Council,At-Large,Kauai,Non-Partisan
CC10293,"Hanohano, Faye",House,4,,Democrat
CC10294,"Wong, Collin ",House,28,,Republican
CC10295,"Pine, Kymberly",Honolulu Council,1,Honolulu,Republican
CC10296,"Cabanilla, Rida",House,41,,Democrat
CC10297,"Furfaro, Jay",Kauai Council,At-Large,Kauai,Non-Partisan
CC10298,"Middleton, Carlton",Honolulu Council,6,Honolulu,Democrat
CC10299,"Visperas, Terry ",House,30,,Democrat
CC10300,"Tavares, Charmaine ",Mayor,,Maui,Non-Partisan
CC10301,"Baptiste, Bryan ",Mayor,,Kauai,Non-Partisan
CC10302,"DeNaie, Lucienne",Maui Council,4,Maui,Democrat
CC10303,"Bynum, Tim",Kauai Council,Kauai,Kauai,Democrat
CC10304,"Hoffmann, Peter",Hawaii Council,9,Hawaii,Non-Partisan
CC10305,"Okino, Gary",House,33,,Democrat
CC10306,"Yamane, Brian ",BOE,9,,Democrat
CC10308,"Asing, William ",Kauai Council,At-Large,Kauai,Democrat
CC10309,"Molina, Michael",Maui Council,Makawao,Maui,Democrat
CC10312,"Halford, Chris ",House,11,,Republican
CC10313,"Yagong, Dominic",Mayor,,Hawaii,Non-Partisan
CC10314,"Agor, Ron ",Kauai Council,15,,Republican
CC10315,"Naeole, Emily ",Hawaii Council,5,Hawaii,Non-Partisan
CC10316,"Balcher, Charles ",House,21,,Republican
CC10317,"Machado, Colette",OHA,Molokai,,Democrat
CC10318,"Anderson, Michelle ",Maui Council,South Maui,Maui,Non-Partisan
CC10319,"Dudley, Michael Kioni",Honolulu Council,1,Honolulu,Non-Partisan
CC10320,"Philips, Carol ",House,46,,Republican
CC10321,"Galuteria, Brickwood",Senate,12,,Democrat
CC10322,"Allen, Julia",House,20,,Republican
CC10323,"Ikeda, Donna",BOE,At-Large,,Non-Partisan
CC10324,"Cummings, Mamo",House,14,,Republican
CC10325,"Tanonaka, Dalton",Lt. Governor,,,Republican
CC10326,"Kane, Dain ",Mayor,,Maui,Democrat
CC10329,"De Giacomo, Frank ",House,30,,Green
CC10330,"Baisa, Gladys",Maui Council,Upcountry,Maui,Non-Partisan
CC10332,"Belford, Richard",House,43,,Democrat
CC10334,"Kincaid, Kaipo ",House,49,,Democrat
CC10335,"Kenoi, William",Mayor,,Hawaii,Democrat
CC10336,"Fevella, Kurt ",House,43,,Democrat
CC10338,"Hong, Ted ",Senate,1,,Republican
CC10339,"Tom, Terrance ",BOE,At-Large,,Non-Partisan
CC10340,"Enriques, Guy ",Hawaii Council,6,Hawaii,Non-Partisan
CC10341,"Bainum, Duke ",Mayor,,Honolulu,Non-Partisan
CC10342,"Tamayo, Tulsi Gabbard",Honolulu Council,6,Honolulu,Independent
CC10343,"Aipoalani, Hanalei ",House,44,,Democrat
CC10345,"Case, Edward ",Governor,,,Democrat
CC10346,"Awana, Karen",House,43,,Democrat
CC10347,"Kam, Thomas",BOE,No Dept.,,Non-Partisan
CC10348,"Kim, Jo",Hawaii Council,1,Hawaii,Democrat
CC10349,"Starr, Summer ",House,12,,Democrat
CC10350,"Kama, Natalie ",House,8,,Democrat
CC10351,"Saylors, Denise ",House,45,,Democrat
CC10352,"Nakashima, Mark",House,1,,Democrat
CC10353,"Kualii, KipuKai",Kauai Council,At-Large,Kauai,Democrat
CC10354,"MacGregor, Maegan ",House,7,,Democrat
CC10355,"Kambel, Donavon ",Mayor,,Honolulu,Democrat
CC10356,"Baclig, Andy ",Hawaii Council,4,Hawaii,Non-Partisan
CC10357,"Parayno, Ilalo ",House,35,,Democrat
CC10358,"Wooley, Jessica",House,48,,Democrat
CC10359,"Coffman, George",House,5,,Democrat
CC10360,"Bimbo, Genaro ",House,42,,Non-Partisan
CC10361,"Rahman, Inam",Honolulu Council,6,Honolulu,Democrat
CC10362,"Apana, Melvin ",House,38,,Republican
CC10363,"Blas, Fred ",Hawaii Council,4,Hawaii,Non-Partisan
CC10365,"Moore, Michael ",Mayor,,Hawaii,Non-Partisan
CC10366,"Mano, Matthew ",Maui Council,Lanai,Maui,Non-Partisan
CC10367,"Halperin, Susan ""Netra""",House,11,,Democrat
CC10368,"Couch, Don",Maui Council,South Maui,Maui,Non-Partisan
CC10369,"Watanabe, Herbert ",BOE,2,,Non-Partisan
CC10370,"Shields, Janice ",Senate,5,,Republican
CC10371,"Naeole-Beason, Emily",Hawaii Council,5,Hawaii,Non-Partisan
CC10372,"Joseph, Wayne ",Hawaii Council,5,Hawaii,Non-Partisan
CC10373,"Onishi, Dennis",Hawaii Council,3,Hawaii,Non-Partisan
CC10374,"Cariffe, Bob ",Kauai Council,At-Large,Kauai,Non-Partisan
CC10375,"Aquino, Henry",House,38,,Democrat
CC10376,"Muraki, Noel ",Senate,23,,Democrat
CC10377,"Kawakami, Derek",House,14,,Democrat
CC10378,"Delo Santos, Catherine ",Hawaii Council,7,Hawaii,Non-Partisan
CC10379,"Ornellas, John ",Maui Council,Lanai,Maui,Non-Partisan
CC10380,"Offenbaker, Steven ",House,1,,Republican
CC10381,"Reed, Robert ",Hawaii Council,3,Hawaii,Non-Partisan
CC10382,"Torres, Raynard ",Hawaii Council,9,Hawaii,Democrat
CC10383,"Greenwell, Robert ",Hawaii Council,8,Hawaii,Non-Partisan
CC10384,"Legal, Jack ",House,40,,Republican
CC10385,"Kealoha, Christobel ",Kauai Council,14,Kauai,Democrat
CC10386,"Riviere, Gil",House,47,,Democrat
CC10387,"Verdadero, Dante ",House,35,,Democrat
CC10388,"Toguchi, Garrett",BOE,No Dept.,,Non-Partisan
CC10389,"Cochran, Mary ",Maui Council,Makawao,Maui,Non-Partisan
CC10390,"Gapol, Derek",House,45,,Republican
CC10391,"Meyers, William ",OHA,Hawaii,,Non-Partisan
CC10392,"Cataluna, Donald",OHA,Kauai,,Non-Partisan
CC10393,"Fogel, Frederick ",House,5,,Libertarian
CC10394,"Fale, Richard",Senate,23,,Republican
CC10395,"Lee, Christopher",House,51,,Democrat
CC10396,"Sparks, Steven ",House,4,,Democrat
CC10397,"Cox, Margaret ",BOE,2,,Democrat
CC10398,"Cunningham, Daniel ",Mayor,,Honolulu,Non-Partisan
CC10401,"Purdy, Robert ",OHA,Molokai,,Democrat
CC10402,"Prentiss, Merrily ",Honolulu Council,3,Honolulu,Democrat
CC10403,"Hong, Lillian ",Honolulu Council,7,Honolulu,Non-Partisan
CC10404,"Kawananakoa, Quentin ",House,51,,Republican
CC10405,"Reynolds, Joseph ",Hawaii Council,8,Hawaii,Non-Partisan
CC10406,"Lindsey, Robert",OHA,At-Large,,Non-Partisan
CC10407,"Stocksdale, Kaniu ",Hawaii Council,5,Hawaii,Non-Partisan
CC10408,"Hecht, Debbie",Hawaii Council,8,Hawaii,Democrat
CC10409,"Brewer, James ",Mayor,,Honolulu,Non-Partisan
CC10410,"Gingerich, Michael ",House,11,,Democrat
CC10412,"Marzi, Anthony ",House,4,,Democrat
CC10413,"Datanagan, Cameron ",Mayor,,Honolulu,Non-Partisan
CC10415,"Fontaine, George",House,11,,Republican
CC10416,"Antonio, Steven ",House,35,,Republican
CC10417,"Schultz, Michael",House,42,,Democrat
CC10418,"Heng, Jet ",Hawaii Council,4,Hawaii,Non-Partisan
CC10419,"Prevedouros, Panos ",Mayor,,Honolulu,Non-Partisan
CC10421,"Vasquez-Dela Cerna, Lynn ",House,27,,Democrat
CC10422,"Apoliona, Suzanne Haunani ",OHA,At-Large,,Non-Partisan
CC10423,"Smith, Garry ",Honolulu Council,1,Honolulu,Non-Partisan
CC10424,"Safarik, Gary ",Hawaii Council,5,Hawaii,Non-Partisan
CC10425,"Walsh, Patrick ",BOE,1st Dept. (Hawaii),,Non-Partisan
CC10426,"Hoff, John ",Kauai Council,At-Large,Kauai,Non-Partisan
CC10427,"Saniatan, Rito ",House,41,,Republican
CC10428,"Nishiki, Kahekai ",Maui Council,Makawao,Maui,Democrat
CC10429,"Carvalho, Bernard",Mayor,,Kauai,Non-Partisan
CC10430,"Masilamoney, Sam ",Mayor,,Hawaii,Non-Partisan
CC10431,"Peters, Robert ",BOE,At-Large,,Non-Partisan
CC10432,"Ahu-Isa, Lei ",BOE,At-Large,,Non-Partisan
CC10433,"Domingo, Constante ",House,35,,Democrat
CC10434,"Aiona, Darrow ",BOE,Oahu,,Non-Partisan
CC10435,"Bertram, Joe ",House,11,,Democrat
CC10436,"Johnson, Richard ",Senate,21,,Republican
CC10437,"Lunasco, Oliver ",House,46,,Democrat
CC10438,"Pleas, Bruce ",Kauai Council,Kauai,Kauai,Non-Partisan
CC10439,"Isbell, Evelyn ",Senate,3,,Democrat
CC10440,"Gumapac, Kale ",Hawaii Council,5,Hawaii,Non-Partisan
CC10441,"Nitta, George ",Mayor,,Honolulu,Democrat
CC10442,"Wasson, Dawn ",House,46,,Democrat
CC10443,"Svrcina, Emil ",Honolulu Council,9,Honolulu,Non-Partisan
CC10444,"Maly, Jacqueline R.S.R.T. ",Mayor,,Honolulu,Non-Partisan
CC10445,"Tsuneyoshi, Resa ",Senate,17,,Democrat
CC10446,"Bryant, Paul ",BOE,1st Dept. (Hawaii),,Non-Partisan
CC10447,"Basques, Winifred ",Maui Council,Lanai,Maui,Non-Partisan
CC10449,"Harimoto, Breene ",BOE,5th Dept. (Leeward),,Non-Partisan
CC10450,"Namuo, Pauline ",BOE,At-Large,,Non-Partisan
CC10451,"Medeiros, William ",Maui Council,East Maui,Maui,Non-Partisan
CC10452,"Pacheco, Maria ",House,47,,Democrat
CC10453,"Ho, Wilson ",Honolulu Council,3,Honolulu,Non-Partisan
CC10454,"Naluai, Solomon ",OHA,At-Large,,Non-Partisan
CC10455,"Monk, Amy ",House,17,,Democrat
CC10456,"Linville, Marcia ",BOE,26,,Non-Partisan
CC10457,"Akuna, Janis ",BOE,3,,Non-Partisan
CC10458,"Lee, Carol Mon ",BOE,1,,Non-Partisan
CC10459,"Kaehuaea, Wendell ",Hawaii Council,4,Hawaii,Non-Partisan
CC10460,"Bartolo, Robert ",Kauai Council,14,Kauai,Non-Partisan
CC10461,"Georgi, JoAnne ",Senate,7,,Republican
CC10462,"Min, Robert ",House,Wailuku,,Republican
CC10463,"Matsumoto, Denise ",BOE,3rd Dept. (Honolulu),,Non-Partisan
CC10464,"Honda, Helene ",OHA,At-Large,,Democrat
CC10465,"Lum Lee, Christopher-Travis ",Senate,16,,Non-Partisan
CC10466,"Cullen, Ty Diaz",House,39,,Democrat
CC10467,"Kawahara, Lani ",Kauai Council,Kauai,Kauai,Democrat
CC10468,"Fillhart, Lawrence ",BOE,7,,Non-Partisan
CC10469,"Chang, Dickie",Kauai Council,Kauai,Kauai,Democrat
CC10470,"Berg, Tom",Honolulu Council,1,Honolulu,Non-Partisan
CC10471,"Young, Tsing ",Hawaii Council,8,Hawaii,Democrat
CC10472,"Anderson, J. Ikaika",Honolulu Council,3,Honolulu,Non-Partisan
CC10473,"Kirkpatrick, Malcolm ",BOE,2,,Non-Partisan
CC10474,"Kahula, Henry Jr. ",House,9,,Republican
CC10475,"Gannon, Joseph ",Maui Council,South Maui,Maui,Non-Partisan
CC10476,"Marten, Chayne ",Maui Council,10,Maui,Non-Partisan
CC10477,"Okutsu, Marie ",Hawaii Council,4,Hawaii,Non-Partisan
CC10478,"Howden, Michael ",Maui Council,Upcountry,Maui,Non-Partisan
CC10479,"Fujiyama, Kenneth ",House,1,,Democrat
CC10480,"Dela Cruz, Ronald ",House,7,,Republican
CC10481,"Weinert, Eric ",House,1,,Republican
CC10482,"Riley, Randell ",Mayor,,Hawaii,Non-Partisan
CC10483,"Brookman, Thomas ",Hawaii Council,1,Hawaii,Democrat
CC10484,"Tavares, Deirdre Moana ",House,3,,Republican
CC10485,"Nakkim, Lynn ",House,1,,Democrat
CC10486,"Kailimai, Billy Jo ",House,7,,Republican
CC10487,"Madden, Ramon",House,10,,Republican
CC10488,"Kaneshiro, Daryl",Kauai Council,1,Kauai,Democrat
CC10489,"Thronas, George ",Kauai Council,Kauai,Kauai,Democrat
CC10490,"Mijares, Scott ",Kauai Council,Kauai,Kauai,Non-Partisan
CC10491,"Taylor, Kenneth",Kauai Council,Kauai,Kauai,Democrat
CC10492,"Fukuyama, Alan",Maui Council,Kahului,Maui,Non-Partisan
CC10493,"Texeira, Steven ",Hawaii Council,7,Hawaii,Non-Partisan
CC10494,"Kidani, Michelle",Senate,18,,Democrat
CC10495,"Ferreira, Albert ",Hawaii Council,2,Hawaii,Democrat
CC10496,"Abe, Michael ",House,19,,Democrat
CC10497,"Jeffryes, Jerilyn ",House,24,,Republican
CC10498,"Kippen, Colin ",OHA,At-Large,,Non-Partisan
CC10499,"Agor, Ron ",Kauai Council,Kauai,Kauai,Non-Partisan
CC10500,"Mulvihill, Bart ",Senate,5,,Democrat
CC10501,"Bieber, Rolf II ",Mayor,,Kauai,Non-Partisan
CC10502,"Pasadava, Linda ",Kauai Council,Kauai,Kauai,Democrat
CC10503,"Ku, Tercia",House,43,,Republican
CC10504,"Choy, Isaac",House,23,,Democrat
CC10505,"de Jetley, Alberta ",Maui Council,Lanai,Maui,Democrat
CC10506,"Kaneakua, Harry ",Kauai Council,At-Large,Kauai,Democrat
CC10507,"McMahon, Nancy ",Kauai Council,Kauai,Kauai,Non-Partisan
CC10508,"Bainum, Duke ",Honolulu Council,5,Honolulu,Non-Partisan
CC10509,"Libre, Rhoda ",House,15,,Democrat
CC10510,"Yaw, Shane ",House,29,,Republican
CC10511,"Waihee, Jennifer",House,27,,Democrat
CC10512,"Rodriguez, Reynaldo ",House,42,,Democrat
CC10513,"Christensen, Shawn ",House,51,,Democrat
CC10514,"Ige, Marshall ",Senate,24,,Democrat
CC10515,"Barrozo, Joseph ",Mayor,,Hawaii,Non-Partisan
CC10516,"Vierra, Mickey ",House,12,,Republican
CC10517,"Nishiki, Wayne ",Maui Council,South Maui,Maui,Non-Partisan
CC10518,"Manner, Paul ",Mayor,,Honolulu,Non-Partisan
CC10519,"Vares, Norman ",Maui Council,South Maui,Maui,Non-Partisan
CC10520,"Blumer-Buell, John ",Senate,6,,Independent
CC10521,"Widner, Lance ",Honolulu Council,9,Honolulu,Non-Partisan
CC10522,"Schatz, Brian",Lt. Governor,,,Democrat
CC10523,"Hoeft, Henry ",BOE,41,,Non-Partisan
CC10524,"Hamamoto, Shawn",Honolulu Council,6,Hawaii,Democrat
CC10525,"Chang, Stanley",Honolulu Council,4,Honolulu,Non-Partisan
CC10526,"Holmes, Stephen ",Honolulu Council,3,Honolulu,Non-Partisan
CC10527,"Leong, Keoki ",Honolulu Council,3,Honolulu,Non-Partisan
CC10528,"Felix, John ",Honolulu Council,3,Honolulu,Republican
CC10529,"Abercrombie, Neil",Governor,,,Democrat
CC10530,"Ho, Wilson ",Honolulu Council,3,Honolulu,Non-Partisan
CC10531,"Akau, Paul ",Honolulu Council,3,Honolulu,Non-Partisan
CC10532,"Pico, Thomas, Jr. ",Honolulu Council,3,Honolulu,Non-Partisan
CC10533,"Kalima, Leona ",Honolulu Council,3,Honolulu,Democrat
CC10534,"Bean, Tracy ",Honolulu Council,3,Honolulu,Non-Partisan
CC10535,"Naluai, Solomon ",Honolulu Council,3,Honolulu,Non-Partisan
CC10536,"Ryan, Ellen Pohai ",Honolulu Council,3,Honolulu,Non-Partisan
CC10537,"Keith-Agaran, Gilbert",Senate,5,,Democrat
CC10538,"Carroll, John ",Governor,,,Republican
CC10539,"King, Adrienne ",Lt. Governor,,,Republican
CC10540,"Cochran, Elle ",Maui Council,West Maui,Maui,Non-Partisan
CC10541,"Lee, Philmund ",Honolulu Council,5,Honolulu,Non-Partisan
CC10542,"Ching, Wendell ",Honolulu Council,5,Honolulu,Non-Partisan
CC10543,"Cain, S. Michael ",Honolulu Council,5,Honolulu,Independent
CC10544,"Hayes, Gladys ",Honolulu Council,5,Honolulu,Non-Partisan
CC10545,"Rockwell, Phillip ",House,31,,Democrat
CC10546,"Winfree, Earl ",Honolulu Council,5,Honolulu,Democrat
CC10547,"Sims, Jacques ""Butch"" ",Honolulu Council,5,Hawaii,Independent
CC10548,"Waialeale, George ",Honolulu Council,5,Honolulu,Democrat
CC10549,"Quimby, James ",Honolulu Council,5,Honolulu,Independent
CC10550,"Turbin, Richard",Honolulu Council,4,Honolulu,Non-Partisan
CC10551,"Kinney, Nathaniel",House,23,,Democrat
CC10552,"Peralto, Keolu ",Honolulu Council,5,Honolulu,Non-Partisan
CC10553,"Pacarro, Franklin Jr. ",Prosecuting Attorney,,Honolulu,Non-Partisan
CC10554,"Bornhorst, Heidi ",Honolulu Council,5,Honolulu,Democrat
CC10555,"Matsunaga, Matthew",Honolulu Council,5,Honolulu,Democrat
CC10556,"White, John",Honolulu Council,2,Honolulu,Non-Partisan
CC10557,"Bean, Tracy ",Senate,24,,Republican
CC10558,"McIntosh, Harry ",Senate,2,,Republican
CC10559,"Miranda, Marc ",House,1,,Republican
CC10560,"Lively, Barbara ",Hawaii Council,5,Hawaii,Non-Partisan
CC10561,"Ichiyama, Linda",House,32,,Democrat
CC10562,"Chang, David ",House,28,,Republican
CC10563,"Shiraki, Reed ",House,36,,Republican
CC10564,"Yaqoob, Anosh ",House,31,,Democrat
CC10565,"Kawakami, Shaun",House,45,,Democrat
CC10566,"Montes, Anel ",Senate,20,,Republican
CC10567,"Lyons, Michael ",Senate,22,,Democrat
CC10568,"Martin, Ernest",Honolulu Council,2,Honolulu,Democrat
CC10569,"Hart, Christopher",Mayor,,Maui,Democrat
CC10570,"Weatherford, James ",Hawaii Council,5,Hawaii,Non-Partisan
CC10571,"Low, Jeremy",House,18,,Republican
CC10572,"Smart, Brittany",House,3,,Democrat
CC10573,"Mee-Lee, Matthew ",House,24,,Democrat
CC10576,"DeJean, Khistina ",Governor,,,Independent
CC10577,"Hairgrove, Todd ",BOE,1,,Non-Partisan
CC10582,"Pandolfe, Joseph Jr. ",Senate,25,,Republican
CC10583,"Clute, Eve ",Maui Council,10,Maui,Non-Partisan
CC10585,"Puletasi, Palasi Sam ",Senate,20,,Democrat
CC10586,"Wong, Christopher",Honolulu Council,6,Honolulu,Non-Partisan
CC10587,"Winfree, Earl ",Senate,11,,Democrat
CC10588,"Toyomura, Ryan",Lt. Governor,,,Democrat
CC10589,"Carroll, Robert",Maui Council,East Maui,Maui,Non-Partisan
CC10590,"Nakamura, Nadine ",Kauai Council,At-Large,Kauai,Democrat
CC10591,"Baker, Loren ",Hawaii Council,5,Hawaii,Non-Partisan
CC10592,"Hamman, David",Senate,7,,Republican
CC10593,"Ching, Darwin ",Prosecuting Attorney,,Honolulu,Non-Partisan
CC10594,"Nomura, Leona ",Maui Council,Makawao,Maui,Non-Partisan
CC10595,"Bradshaw, Jason",House,43,,Democrat
CC10597,"Laub, Paul ",Maui Council,West Maui,Maui,Independent
CC10598,"Kalua, Ezekiela ",Maui Council,1,Maui,Non-Partisan
CC10599,"Pollard, Thomas ",Governor,,,Independent
CC10601,"Lane, T.J. ",House,18,,Democrat
CC10602,"Hart, Ronald ",BOE,2,,Non-Partisan
CC10603,"Meyers, William ",OHA,2,,Independent
CC10604,"Price, Larry ",Senate,8,,Democrat
CC10606,"Synan, Dwight ",House,20,,Democrat
CC10607,"Kama, Natalie ",House,8,,Democrat
CC10608,"Baron, Christopher",House,18,,Republican
CC10609,"Cuadra, Gregory ",House,22,,Republican
CC10610,"Lavoie, Frank ",Honolulu Council,6,Honolulu,Non-Partisan
CC10611,"Kopelman, Ori ",Mayor,,Maui,Independent
CC10612,"Johanson, Aaron",House,31,,Republican
CC10613,"Doyle, Michael ",House,40,,Democrat
CC10614,"Freire, Enock ",Hawaii Council,7,Hawaii,Non-Partisan
CC10615,"Steele, Christopher ",Governor,,,Republican
CC10617,"Hopkins, Jeremy ",OHA,At-Large,,Non-Partisan
CC10618,"Kapu, Jonah ",Maui Council,West Maui,Maui,Non-Partisan
CC10619,"Mano, Matthew",Maui Council,Lanai,Maui,Non-Partisan
CC10620,"Singer, Solomon ",House,4,,Non-Partisan
CC10621,"Chun, Cory",House,41,,Democrat
CC10622,"Henderson, Scott ",House,7,,Republican
CC10623,"Hoylman, Jeffrey ",House,9,,Republican
CC10624,"Prentiss, Charles ",Senate,25,,Democrat
CC10625,"Daligdig III, Theodore ",Kauai Council,15,Kauai,Non-Partisan
CC10626,"Hashem, Mark",House,18,,Democrat
CC10627,"Tanabe, Van ",Governor,,,Democrat
CC10628,"Shiratori, Miles ",Governor,,,Democrat
CC10629,"Capelouto, Marissa",House,42,,Republican
CC10630,"Amorin, Johanna ",House,11,,Democrat
CC10631,"Morikawa, Daynette",House,16,,Democrat
CC10632,"Mohr, John ",House,25,,Republican
CC10635,"Cunningham, Daniel ",Governor,,,Independent
CC10636,"Justus, Edgar ",Kauai Council,Kauai,Kauai,Democrat
CC10637,"Hughey, Justin",House,8,,Democrat
CC10638,"Clapes, Anthony ",Governor,,,Non-Partisan
CC10639,"Manner, Paul ",Governor,,,Non-Partisan
CC10640,"De Giacomo, Frank ",Honolulu Council,4,Honolulu,Green
CC10641,"Payne, Gary ",House,26,,Democrat
CC10642,"Franklin, Judy ",Senate,13,,Republican
CC10643,"Wilson, Leona Rocha ",BOE,Maui,,Non-Partisan
CC10644,"Golojuch, Michael ",Senate,19,,Democrat
CC10645,"Fukumoto, Beth",House,36,,Republican
CC10646,"Reyes, Arturo (Art) Pacheco ",Governor,,,Democrat
CC10647,"Milbourn, Peter ",Mayor,,Maui,Non-Partisan
CC10648,"Escorzon, Tammy Ann ",House,46,,Democrat
CC10649,"Kong, Samuel",House,33,,Republican
CC10650,"Kama, Leonard ",Lt. Governor,,,Non-Partisan
CC10651,"Piltz, Ransom ",Mayor,,Maui,Democrat
CC10653,"Linville, Marcia ",BOE,At-Large,,Democrat
CC10654,"Lewis, Joseph ",OHA,At-Large,,Non-Partisan
CC10655,"Toelupe, Sesa Pepe ",Governor,,,Democrat
CC10656,"Kaapu, Carole",House,28,,Republican
CC10657,"Hodges, Marc ",Mayor,,Maui,Non-Partisan
CC10658,"Lum Ho, Sharon ",House,31,,Democrat
CC10659,"Waugh, Timothy ",Senate,2,,Democrat
CC10660,"Penebacker, John ",BOE,6th Dept. (Windward),,Non-Partisan
CC10661,"Fenton, Larry ",Honolulu Council,6,Honolulu,Democrat
CC10663,"Sagaysay, Lawrence ",House,46,,Democrat
CC10664,"Gapero, Elisabeth ",Maui Council,Wailuku,Maui,Independent
CC10665,"Siangco, Daniel ",House,49,,Republican
CC10666,"Sabey, Isaiah",House,24,,Republican
CC10667,"Fillhart, Lawrence",House,15,,Republican
CC10668,"Mossman, Boyd ",OHA,Maui,,Non-Partisan
CC10669,"White, Michael",Maui Council,Makawao,Maui,Non-Partisan
CC10670,"Hale, Michael ",Senate,2,,Republican
CC10671,"Kirkpatrick, Malcolm ",BOE,At-Large,,Non-Partisan
CC10672,"Corless, William ",House,45,,Republican
CC10673,"Pascua, Benizon",Senate,15,,Republican
CC10674,"Case, Kimberly",House,24,,Democrat
CC10675,"Hapai, Marlene",House,3,,Republican
CC10676,"Shorba, Lisa A.L. ",Senate,9,,Republican
CC10677,"Villaruz, Danilo (Danny)",House,31,,Democrat
CC10678,"Bonar, Aaron ",Senate,19,,Republican
CC10679,"Apana, Melvin ",House,38,,Republican
CC10680,"Radke, Maurice",House,48,,Republican
CC10681,"Wurst, Barry ",BOE,2,,Non-Partisan
CC10683,"DeSilva Carveiro, Mizdebz ",Kauai Council,16,Kauai,Non-Partisan
CC10684,"Burns, Marie ",Hawaii Council,6,Hawaii,Non-Partisan
CC10685,"Young, Sammye Ann ",Hawaii Council,2,Hawaii,Non-Partisan
CC10687,"Freitas, Valzey ",BOE,6,,Non-Partisan
CC10688,"Lacuesta, Celeste ",Honolulu Council,1,Honolulu,Non-Partisan
CC10689,"Katz, Norman",House,26,,Republican
CC10690,"Grantham, Leatrice ",House,41,,Democrat
CC10691,"Potter-Campos, Susan ",Maui Council,10,Maui,Non-Partisan
CC10692,"Bashkingy, Raymond ",House,12,,Republican
CC10693,"Andres-Nance, Noela ",BOE,At-Large,,Non-Partisan
CC10694,"Ebel, Lawrence ",House,45,,Republican
CC10695,"Jamila, Andrew ",Senate,25,,Democrat
CC10696,"Chinen, Jon",House,49,,Democrat
CC10697,"Farias, Kaleo ",House,44,,Democrat
CC10698,"Pacheco, Maria ",House,46,,Democrat
CC10699,"Perry, Johnnie-Mae ",House,45,,Democrat
CC10700,"Harimoto, Breene",Honolulu Council,8,Honolulu,Non-Partisan
CC10701,"Higashi, Carl ",Honolulu Council,4,Honolulu,Republican
CC10702,"Shimizu, Garner",House,32,,Republican
CC10703,"Young, Pamela ",BOE,No Dept.,,Non-Partisan
CC10704,"Koh, Patrick",House,29,,Democrat
CC10705,"Makekau, Kealii",OHA,At-Large,,Independent
CC10706,"LaBedz, Diana ",Mayor,,Kauai,Democrat
CC10707,"Swindell, Lyle",House,32,,Democrat
CC10708,"Schmucker, S. Dean ",House,8,,Republican
CC10709,"Olson, Jonathon ",Mayor,,Maui,Non-Partisan
CC10711,"Kalima, Leona ",OHA,At-Large,,Non-Partisan
CC10712,"Iwamoto, Kim Coco ",BOE,Oahu,,Non-Partisan
CC10713,"Sharsh, Eleanor",House,31,,Democrat
CC10714,"Meyers, Jadeen ",House,45,,Republican
CC10715,"Clarke, Eileen ",BOE,4th Dept. (Central),,Democrat
CC10716,"Wasson, Dawn",House,46,,Democrat
CC10717,"Wolfgramm, Makahaa",House,51,,Republican
CC10718,"Rinaldi, Laurie ",House,12,,Republican
CC10719,"Nishiki, Wayne ",Maui Council,11,Maui,Non-Partisan
CC10720,"Miller, Harold ",Mayor,,Maui,Independent
CC10721,"Lee, Albert",House,18,,Democrat
CC10722,"Enos, Virginia ",Senate,25,,Republican
CC10723,"Cortez-Camero, Tania",House,3,,Republican
CC10724,"Vannatta, Sharon ",House,2,,Republican
CC10725,"Spence, Deborah ",Lt. Governor,,,Independent
CC10726,"Hirakami, Steven ",Lt. Governor,,,Democrat
CC10727,"Sanborn, J William ",Hawaii Council,9,Hawaii,Non-Partisan
CC10728,"DAlmeida, Eric ",House,1,,Republican
CC10729,"Sterker, Phillip ",House,16,,Republican
CC10730,"Fowler, Dennis ",Kauai Council,Kauai,Kauai,Non-Partisan
CC10731,"Seibert, Richard Eric",Senate,4,,Republican
CC10732,"Kaopua, John ",House,44,,Democrat
CC10733,"Pascua, Jason",House,48,,Democrat
CC10734,"Park, Timothy ",House,25,,Republican
CC10735,"Davidson, Daniel ",Senate,9,,Democrat
CC10736,"Takabayashi, Roger ",BOE,At-Large,,Non-Partisan
CC10737,"Apo, Peter",OHA,34,,Democrat
CC10738,"Williams, Harry ",House,14,,Republican
CC10739,"Mayor, Roberta ",BOE,At-Large,,Non-Partisan
CC10740,"Wilson, Herman ",Senate,7,,Independent
CC10741,"McLeod, John ",Mayor,,Honolulu,Libertarian
CC10742,"Chow Hammond, Sally ",Mayor,,Maui,Non-Partisan
CC10743,"Marshall, Eric ",Senate,10,,Republican
CC10744,"Garry, Timothy ",Honolulu Council,6,Honolulu,Non-Partisan
CC10746,"Kaneshiro, Keith",Prosecuting Attorney,,Honolulu,Non-Partisan
CC10747,"Wong, William ",House,34,,Republican
CC10748,"Aki, Charles ",Senate,22,,Republican
CC10749,"White, Thomas ",House,23,,Republican
CC10750,"Burke, Jackie ",OHA,Kauai,,Democrat
CC10751,"Lembeck, E.J. ",House,21,,Republican
CC10752,"David, Maile",Hawaii Council,6,Hawaii,Non-Partisan
CC10753,"Nakasato, Dennis ",Honolulu Council,6,Honolulu,Democrat
CC10754,"Bieber, Rolf ",Kauai Council,Kauai,Kauai,Non-Partisan
CC10755,"Hagino, Gerald ",Senate,22,,Democrat
CC10756,"Akuna, Meiling ",House,13,,Republican
CC10757,"Able, Johnathan ",House,5,,Non-Partisan
CC10758,"Lee, Philmund ",Mayor,,Honolulu,Non-Partisan
CC10759,"Leau, Rebecca",House,6,,Republican
CC10760,"Ryan, Ellen Pohai",Senate,25,,Democrat
CC10761,"Shafer, Benjamin ",Honolulu Council,2,Honolulu,Non-Partisan
CC10762,"Yamane, John ",Senate,7,,Democrat
CC10763,"Aiona, Joseph",House,49,,Republican
CC10764,"Nicolas, Fernie ",House,41,,Democrat
CC10765,"Larkey, Jerald ",House,38,,Republican
CC10766,"Wong, Carl ",House,39,,Republican
CC10767,"Rath, Jim ",Hawaii Council,8,Hawaii,Non-Partisan
CC10768,"Yago, Reginald",House,35,,Republican
CC10769,"Vieira, Robert ",Honolulu Council,6,Honolulu,Non-Partisan
CC10770,"Marten, Chayne ",House,10,,Republican
CC10771,"Curtis, Samuel ",House,39,,Republican
CC10772,"Christensen, Makani ",Honolulu Council,4,Honolulu,Non-Partisan
CC10773,"Dudek, Peter ",Senate,14,,Republican
CC10774,"Thomson, Zach ",House,24,,Republican
CC10775,"Georgi, JoAnne ",Senate,7,,Republican
CC10776,"Bailey, Melanie ",BOE,At-Large,,Non-Partisan
CC10777,"Bryant-Hunter, Kathy ",BOE,At-Large,,Non-Partisan
CC10778,"Odegaard, Michael ",OHA,At-Large,,Non-Partisan
CC10779,"Berinobis, Shari Floyd",Honolulu Council,4,Honolulu,Republican
CC10780,"Greenwell, Robert ",Hawaii Council,8,Hawaii,Non-Partisan
CC10781,"Stender, Oswald ",OHA,At-Large,,Non-Partisan
CC10782,"Cerizo, Thomas ",House,8,,Democrat
CC10783,"ONeal, David ",BOE,1,,Non-Partisan
CC10784,"McDermott, Bob ",Honolulu Council,1,Honolulu,Non-Partisan
CC10785,"Griffin, Calvin ",Mayor,,Honolulu,Non-Partisan
CC10786,"Kurshals, Maralyn ",BOE,1,,Non-Partisan
CC10787,"Vares, Norman ",Maui Council,South Maui,Maui,Non-Partisan
CC10788,"Martinez, Rosebella",House,40,,Democrat
CC10789,"Lewis, Chris ",Honolulu Council,1,Honolulu,Democrat
CC10790,"Arola, James ",BOE,5th Dept. (Leeward),,Non-Partisan
CC10791,"Darling, Alfred ",Senate,7,,Non-Partisan
CC10792,"Cordero, Angel ",House,41,,Republican
CC10793,"Kahele, Melvin",Honolulu Council,1,Honolulu,Non-Partisan
CC10794,"LoPresti, Matthew",House,41,,Democrat
CC10795,"Roco, John ",Honolulu Council,1,Honolulu,Republican
CC10796,"Velleses, Gary ",Honolulu Council,1,Honolulu,Non-Partisan
CC10797,"Espero, Jason",Honolulu Council,1,Honolulu,Democrat
CC10798,"Yuen, Victoria (Cissy) ",Honolulu Council,1,Honolulu,Democrat
CC10799,"Teruya, Patricia ",Honolulu Council,1,Honolulu,Non-Partisan
CC10800,"Manaku, James ",Honolulu Council,1,Honolulu,Non-Partisan
CC10801,"Kahele, Gilbert",Senate,1,,Democrat
CC10802,"Solomon, Malama",Senate,4,,Democrat
CC10803,"Jordan, Georgette ""Jo""",House,44,,Democrat
CC10804,"Haliniak, Barbara",Senate,7,,Democrat
CC10805,"Kollar, Justin",Prosecuting Attorney,,Kauai,Non-Partisan
CC10806,"Blackburn, Joseph",Maui Council,Wailuku,Maui,Non-Partisan
CC10807,"Han, Martin",Honolulu Council,7,Honolulu,Non-Partisan
CC10808,"Ohno, Takashi",House,27,,Democrat
CC10809,"Ing, Mark",House,11,,Democrat
CC10810,"Guzman, Don",Maui Council,Kahului,Maui,Non-Partisan
CC10811,"DeJean, Khistina Caldwell",Governor,,,Democrat
CC10812,"Ashida, Lincoln",Prosecuting Attorney,,Hawaii,Non-Partisan
CC10813,"Kern, Zendo",Hawaii Council,5,Hawaii,Non-Partisan
CC10814,"Santiago, Alexander ",Honolulu Council,1,Honolulu,Democrat
CC10815,"Roth, Mitchell",Prosecuting Attorney,,Hawaii,Independent
CC10816,"Bradshaw, Jacob",House,45,,Democrat
CC10817,"Wille, Margaret",Hawaii Council,9,Hawaii,Non-Partisan
CC10818,"Shimaoka, Oliver ""Sonny""",Hawaii Council,9,Hawaii,Non-Partisan
CC10819,"Ilagan, Greggor",Hawaii Council,4,Hawaii,Non-Partisan
CC10822,"Apoliona, Suzanne Haunani ",OHA,At-Large,,Non-Partisan
CC10823,"Okamura, Thomas ",House,33,,Democrat
CC10824,"Green, Robert ",Hawaii Council,9,Hawaii,Non-Partisan
CC10825,"McIntosh, Harry ",Hawaii Council,6,Hawaii,Non-Partisan
CC10826,"Weatherford, James ",Hawaii Council,4,Hawaii,Non-Partisan
CC10827,"Hanlon, Colin ",House,11,,Democrat
CC10828,"Cayetano, Benjamin",Mayor,,Honolulu,Non-Partisan
CC10829,"Greco, Michael ",Senate,16,,Republican
CC10830,"Eoff, Karen",Hawaii Council,8,Hawaii,Non-Partisan
CC10831,"Wilhelm, Steve ",Hawaii Council,2,Hawaii,Non-Partisan
CC10832,"Marsh, Anne",Mayor,,Hawaii,Non-Partisan
CC10833,"Delacruz, Efrain",Honolulu Council,1,Honolulu,Non-Partisan
CC10834,"Sua, Vai ",Honolulu Council,9,Honolulu,Non-Partisan
CC10840,"Velasco, Nicole",House,30,,Democrat
CC10841,"Westervelt, Bradley ",Hawaii Council,6,Hawaii,Non-Partisan
CC10842,"Kanuha, Dru",Hawaii Council,7,Hawaii,Non-Partisan
CC10843,"Goodenow, Kenneth ",Hawaii Council,2,Hawaii,Democrat
CC10844,"Sonson, Alex",House,38,,Democrat
CC10845,"Gering, Larry ",Hawaii Council,1,Hawaii,Independent
CC10846,"Giugni, Heather",House,33,,Democrat
CC10848,"Poindexter, Valerie",Hawaii Council,1,Hawaii,Non-Partisan
CC10850,"Tungpalan, Eloise Yamashita ",House,34,,Democrat
CC10851,"Hairgrove, Todd ",House,22,,Republican
CC10852,"Takata, Kevin",Prosecuting Attorney,,Honolulu,Independent
CC10853,"Holt, Daniel",House,29,,Democrat
CC10854,"Leslie, Bucky ",House,6,,Democrat
CC10855,"Perry, Johnnie-Mae ",House,44,,Democrat
CC10856,"Breslin, John ""Mike"" ",House,6,,Republican
CC10857,"McLaughlin, Erin ",Maui Council,Kahului,Maui,Non-Partisan
CC10858,"Hong, Lillian ",Honolulu Council,7,Honolulu,Non-Partisan
CC10859,"Housel, Fred ",House,6,,Democrat
CC10860,"Ruderman, Russell",Senate,2,,Democrat
CC10861,"Lowen, Nicole",House,6,,Democrat
CC10862,"Russell, Simon",House,13,,Republican
CC10863,"Cheape, Lauren",House,45,,Republican
CC10864,"Ahu-Isa, Lei ",House,26,,Democrat
CC10865,"Totten, John ",Senate,3,,Republican
CC10866,"Hemmings, Fred ",Senate,25,,Republican
CC10867,"Thielen, Laura",Senate,25,,Democrat
CC10868,"Crivello, Stephanie Stacy Helm",Maui Council,Molokai,Maui,Non-Partisan
CC10869,"Lipton, Levani ",Senate,25,,Democrat
CC10870,"Lajala, Kurt ",Senate,9,,Democrat
CC10871,"Safarik, Gary",Senate,2,,Democrat
CC10872,"Lyons, Jeffrey ",House,45,,Republican
CC10873,"Ikeda, Donald",Senate,1,,Democrat
CC10874,"Ceredon, Liscencio",Hawaii Council,5,Hawaii,Non-Partisan
CC10875,"Duey, Rose Marie ",OHA,Maui,,Non-Partisan
CC10876,"Bertram, Joe ",House,11,,Democrat
CC10877,"Sanborn, J. William ",Hawaii Council,9,Hawaii,Non-Partisan
CC10878,"Araujo, Steven",Hawaii Council,5,Hawaii,Non-Partisan
CC10879,"Higa, Creighton",House,44,,Republican
CC10880,"Pajimola, Noralyn",House,1,,Democrat
CC10881,"Kobayashi, Bertrand",House,19,,Democrat
CC10882,"Fenton, Larry ",Senate,11,,Republican
CC10883,"Kaukani, Chad",Honolulu Council,3,Honolulu,Non-Partisan
CC10884,"Santos, Donna",OHA,Kauai,,Non-Partisan
CC10885,"Manabat, Christopher",House,40,,Democrat
CC10886,"Young, Darrell",House,19,,Republican
CC10888,"McKeague-Gomes, Leslie",House,43,,Democrat
CC10889,"Kaehuaea, Wendell ",Senate,2,,Democrat
CC10890,"Hester, Marcus",House,22,,Republican
CC10891,"Dolan, Paul ",Prosecuting Attorney,,Hawaii,Non-Partisan
CC10892,"Helm, Kanohowailuku",Senate,7,,Non-Partisan
CC10893,"Au, Tiffany",House,26,,Republican
CC10894,"Thompson, Rachel ",Hawaii Council,2,Hawaii,Non-Partisan
CC10895,"Puletasi, Palasi ",House,40,,Democrat
CC10896,"Larson, Elisabeth",Senate,12,,Republican
CC10897,"Cermelj, Hope ",House,4,,Non-Partisan
CC10898,"Yamane, Brian ",House,19,,Democrat
CC10899,"Mindo, Romeo ",House,40,,Democrat
CC10900,"Johnson, Richard ",Senate,21,,Republican
CC10901,"Gutierrez, Lynne",House,31,,Democrat
CC10902,"Aipoalani, Hanalei",House,43,,Democrat
CC10903,"Lunasco, Oliver ",House,45,,Democrat
CC10904,"Oyama, Leolani ",House,5,,Democrat
CC10906,"Ritte, Walter",OHA,At-Large,,Democrat
CC10907,"Kagawa Fu, Kanani",OHA,Kauai,,Democrat
CC10908,"Fogel, Frederick ",House,3,,Libertarian
CC10909,"Smith, Daryl ",Senate,2,,Republican
CC10910,"Bateman, David",House,5,,Republican
CC10911,"Cullen, Sy",Honolulu Council,9,Honolulu,Non-Partisan
CC10912,"Lacuesta, Roger ",Senate,19,,Democrat
CC10913,"Butler, Glenn",House,43,,Republican
CC10914,"Takayama, Gregg",House,34,,Democrat
CC10915,"Heaukulani, Joseph",House,20,,Non-Partisan
CC10917,"Pomroy, Sharon ",OHA,Kauai,,Non-Partisan
CC10918,"Kaahui, Edward ",House,10,,Democrat
CC10919,"Fevella, Kurt",House,40,,Democrat
CC10920,"Vincent, Henry",House,51,,Republican
CC10921,"Greenwell, Robert ",Senate,4,,Green
CC10922,"Last, Michael ",Senate,3,,Non-Partisan
CC10923,"McDermott, Bob",House,40,,Republican
CC10924,"Kim, Harry ",Mayor,,Hawaii,Non-Partisan
CC10925,"Stephens, Aaron ",House,4,,Non-Partisan
CC10926,"Peters, Wilson",Maui Council,Molokai,Maui,Non-Partisan
CC10927,"Ebert, Roy",House,6,,Republican
CC10928,"Georgi, William",Senate,8,,Republican
CC10929,"Albao, Liberta",OHA,Kauai,,Non-Partisan
CC10930,"Bonk, Keiko",House,20,,Green
CC10931,"Herrera, Rojelio ",Senate,18,,Republican
CC10932,"Yadao, Leland ",OHA,Kauai,,Non-Partisan
CC10933,"Beirne, D. Ululani ",House,47,,Democrat
CC10934,"Synan, Dwight",House,20,,Democrat
CC10935,"Kagawa, Ross",Kauai Council,At-Large,Kauai,Democrat
CC10936,"LaFrance, Jeff ",Senate,3,,Republican
CC10937,"Murphy, Christopher ",House,46,,Republican
CC10938,"Meyers, William ",OHA,Hawaii,,Democrat
CC10939,"Rattner, Joseph ",House,40,,Democrat
CC10940,"Lee, Calvin ",OHA,At-Large,,Democrat
CC10941,"Lincoln, Lancelot ",OHA,At-Large,,Democrat
CC10942,"Capelouto, Dean",Senate,20,,Republican
CC10943,"Pacheco, Jade ",OHA,Kauai,,Non-Partisan
CC10944,"DAlmeida, Eric ",Hawaii Council,1,Hawaii,Non-Partisan
CC10945,"Akina, William",OHA,At-Large,,Non-Partisan
CC10946,"Bossley, Deborah ",Honolulu Council,3,Honolulu,Independent
CC10947,"Apana, Melvin ",House,36,,Republican
CC10948,"Reeder, Adam",House,41,,Republican
CC10949,"Kapuniai, Ryan",House,26,,Democrat
CC10950,"Aki, Charles ",Senate,22,,Republican
CC10951,"Christie, Sherryanne ",Mayor,,Hawaii,Non-Partisan
CC10952,"Kay, Alana",Mayor,,Maui,Non-Partisan
CC10953,"Takamura, Clifton ",House,21,,Democrat
CC10954,"Wingard, Lori",House,18,,Republican
CC10955,"Kim, Brian ",House,27,,Republican
CC10956,"Yagong, Chelsea",Hawaii Council,1,Hawaii,Democrat
CC10957,"Trujillo, Troy",House,16,,Republican
CC10958,"Pohle, Richard ",Maui Council,Upcountry,Maui,Non-Partisan
CC10959,"Marten, Chayne ",House,10,,Republican
CC10960,"Guccione, Charles ",Hawaii Council,8,Hawaii,Non-Partisan
CC10961,"Swain, William",OHA,Kauai,,Non-Partisan
CC10962,"Cunningham, Daniel ",Mayor,,Hawaii,Non-Partisan
CC10963,"Svrcina, Emil ",House,37,,Republican
CC10964,"Kalama, Ekolu ",House,12,,Republican
CC10965,"Onishi, Richard",House,3,,Democrat
CC10966,"Akaka, Kaleihikina",House,6,,Democrat
CC10967,"Ahuna, Daniel",OHA,Kauai,,Non-Partisan
CC10968,"Hayes, James",Honolulu Council,5,Honolulu,Non-Partisan
CC10969,"Sahut, Ronson ",OHA,Kauai,,Democrat
CC10970,"Thomson, Zachary ",House,23,,Republican
CC10971,"Mulvihill, Bart",Senate,6,,Republican
CC10972,"Alalem, Allen-Dean",OHA,Kauai,,Democrat
CC10973,"Walls, Rand ",Mayor,,Hawaii,Non-Partisan
CC10974,"Miranda, Edwin ",OHA,2,,Non-Partisan
CC10975,"Amorin, Johanna",OHA,Maui,,Independent
CC10976,"Kane, Dain",OHA,Maui,,Non-Partisan
CC10977,"Gomes, Doreen ",OHA,Maui,,Non-Partisan
CC10978,"Yoshimura, Jon ",Honolulu Council,6,Honolulu,Non-Partisan
CC10979,"Miller, Steven",Honolulu Council,6,Honolulu,Non-Partisan
CC10980,"Brewer, James ",Honolulu Council,6,Honolulu,Non-Partisan
CC10981,"Lindsey, Carmen",OHA,Maui,,Independent
CC10982,"Shubert-Kwock, Chu Lan",Honolulu Council,6,Honolulu,Independent
CC10983,"Mizuno, Joje May",Honolulu Council,6,Honolulu,Non-Partisan
CC10984,"Nakasato, Kevin",Honolulu Council,6,Honolulu,Non-Partisan
CC10985,"Youngquist, Arvid ",Honolulu Council,6,Honolulu,Democrat
CC10986,"Smith, Christopher ",Honolulu Council,6,Honolulu,Democrat
CC10987,"Kapu, Jonah Keeaumoku ",OHA,Maui,,Non-Partisan
CC10988,"Rutledge, Aaron",Honolulu Council,6,Honolulu,Non-Partisan
CC10989,"Suapaia, Jason",Honolulu Council,6,Honolulu,Non-Partisan
CC10990,"Vieira, Robert ",Honolulu Council,6,Honolulu,Democrat
CC10991,"Amsterdam, C. Kaui Jochanan ",Honolulu Council,6,Honolulu,Republican
CC10992,"Lum Lee, Christopher-Travis",OHA,Oahu,,Democrat
CC10993,"Woodson, Justin",House,9,,Democrat
CC10994,"Fung, Lester",House,20,,Democrat
CC10995,"Tupola, Andria",House,43,,Republican
CC10996,"Elefante, Brandon",Honolulu Council,8,Honolulu,Non-Partisan
CC10997,"Wong, Arnold",House,33,,Democrat
CC10998,"Iwasa, Natalie",Honolulu Council,4,Honolulu,Independent
CC10999,"Eli, Stacelynn",House,43,,Democrat
CC11000,"Awana, Karen",House,43,,Democrat
CC11002,"Costales, Luella",House,36,,Democrat
CC11003,"Zibakalam, Emmanuel",House,21,,Democrat
CC11004,"Lee, Marilyn",House,36,,Democrat
CC11005,"Amato, Terez",Senate,6,,Democrat
CC11006,"Ozawa, Trevor",Honolulu Council,4,Honolulu,Non-Partisan
CC11007,"McInerny, Harvey",OHA,At-Large,,Non-Partisan
CC11008,"Davis, Jeffrey",Governor,,,Libertarian
CC11009,"Higa, Anthony",House,19,,Libertarian
CC11010,"Paltin, Tamara ",Mayor,,Maui,Democrat
CC11011,"Fowler, Max",House,27,,Republican
CC11012,"Peleiholani, Julia",House,4,,Democrat
CC11013,"Pouha, Feki",House,47,,Republican
CC11014,"San Buenaventura, Joy ",House,4,,Democrat
CC11015,"Grace, Janet ",House,22,,Republican
CC11016,"Hikida, Wayne ",House,51,,Republican
CC11017,"Hood, Joan",House,50,,Republican
CC11018,"Poti, LuAnn",House,35,,Republican
CC11019,"Buenconsejo, Butch Kaala",Maui Council,West Maui,Maui,Democrat
CC11020,"Bukoski, Keith ",House,48,,Democrat
CC11021,"Kamaka, Joseph",Senate,,,
CC11022,"Wong-Kalu, Hinaleimoana",OHA,At-Large,,Non-Partisan
CC11023,"Arianoff, Gregory ",Senate,1,,Libertarian
CC11024,"Waters, Tommy",Honolulu Council,4,Honolulu,Non-Partisan
CC11025,"Helsham, Robert",House,33,,Republican
CC11026,"Arakaki, Tracy",House,33,,Democrat
CC11027,"Creagan, Richard",House,5,,Democrat
CC11028,"Abbett, Richard",Hawaii Council,6,Hawaii,Non-Partisan
CC11030,"Kalima, Leona",OHA,,,
CC11031,"Stump, Christopher",House,17,,Democrat
CC11032,"Brun, Arthur",Kauai Council,At-Large,Kauai,Non-Partisan
CC11033,"Strode, Ronald ",Mayor,,,
CC11034,"Fonoimoana, Kent ",House,47,,Democrat
CC11035,"Ahu, Elwin",Lt. Governor,,,Republican
CC11036,"Yoder, Steven",House,15,,Republican
CC11037,"Banda, Raymond",Senate,18,,Libertarian
CC11038,"Trask, Mililani",OHA,At-Large,,Democrat
CC11039,"Greene, Madeline",Hawaii Council,4,Hawaii,Non-Partisan
CC11040,"Horoshko, Ronald",Kauai Council,15,Kauai,Democrat
CC11041,"Hunt, Tiffany Edwards",Hawaii Council,,,
CC11042,"Hopkins, Margarita",Hawaii Council,2,Hawaii,Non-Partisan
CC11043,"DeSilva Carveiro, Debralynn",Mayor,,Kauai,Democrat
CC11044,"Apana, James",House,9,,Democrat
CC11045,"Wendt, Mahealani",OHA,2nd Dept. (Maui),,Non-Partisan
CC11046,"Nava, Frederick",Maui Council,,,
CC11047,"Danner, Michael",Senate,24,,Republican
CC11048,"Jordan, Brian",House,,,
CC11049,"Kukahiko, Eldean",House,,,
